"資産番号","修正区分","資産名称","資産名略称","型式","索引","資産区分","種類コード","構造コード","細目コード","部門コード","普通償却費仕訳パターン","特別償却費仕訳パターン","設置場所コード","管理者コード","購入先コード","財団コード","売却先コード","原価コード","購入年度コード","減損グループコード","数量","取得価額","18年少額特例区分","圧縮区分","圧縮額","修正後取得価額","当期資本的支出累計","期首帳簿価額","期首償却累計額","内特別償却累計額","当期償却方法","当期耐用年数","当期償却率","当期みなし取得区分","当期みなし取得価額","当期償却限度額","当期手入力区分","当期普通償却額","当期特別償却有無区分","当期特別償却率区分","当期特別償却率","当期特別償却分子","当期特別償却分母","当期特別償却額","当期増加償却有無区分","当期増加償却額","翌期償却方法","翌期耐用年数","翌期償却率","翌期みなし取得区分","翌期みなし取得価額","翌期償却限度額","翌期手入力区分","翌期普通償却額","翌期特別償却有無区分","翌期特別償却率区分","翌期特別償却率","翌期特別償却分子","翌期特別償却分母","翌期特別償却額","翌期増加償却有無区分","翌期増加償却額","除売却区分","除売却年月日","売却額","当期首繰越額","当期認容額","当期末繰越額","翌期認容額","翌期末繰越額","購入日","取得日","償却開始日","初年度償却","残存率","残存価額","償却可能率","償却可能額","翌々期償却費","翌３期償却費","翌４期償却費","翌５期償却費","償却済区分","償却済年","備考コード１","備考１","備考コード２","備考２","備考コード３","備考３","備考コード４","備考４","備考コード５","備考５","償却資産申告種別","申告先コード","前年度申告時帳簿価額","前年度申告時評価額","取得資産の扱い","償却資産申告耐用年数の指定","償却資産申告耐用年数","申告資産区分","特例課税率分母","特例課税率分子","適用終了年度","当期償却実施額","翌期償却実施額","前期繰越超過額","前期繰越不足額","会計期首帳簿価額","会計期首償却累計額","当期切捨てる償却不足額","翌期切捨てる償却不足額","当期条項１","当期条項２","翌期条項１","翌期条項２","前期以前発生区分","減損損失累計額","減損後帳簿価額","残存手入力区分","減損後残存価額","減損後耐用年数","償却率修正区分","償却率","計算の基礎となる金額","当期月額償却費手入力区分","当期第１月","当期第２月","当期第３月","当期第４月","当期第５月","当期第６月","当期第７月","当期第８月","当期第９月","当期第１０月","当期第１１月","当期第１２月","翌期月額償却費手入力区分","翌期第１月","翌期第２月","翌期第３月","翌期第４月","翌期第５月","翌期第６月","翌期第７月","翌期第８月","翌期第９月","翌期第１０月","翌期第１１月","翌期第１２月","備忘価額区分","残存償却区分","改定取得価額","改定年月日","会計期首改定取得価額","会計期首改定年月日","減損後改定取得価額","減損後改定年月日","残存償却開始年月日","当期調整前償却額","当期償却月数","当期償却超過取崩額","当期税法限度額","当期減損前償却状態区分","翌期調整前償却額","翌期償却月数","翌期償却超過取崩額","翌期税法限度額","翌期減損前償却状態区分","翌期期首帳簿価額","翌期期首償却累計額","翌期償却超過額","翌期会計期首帳簿価額","翌期会計期首償却累計額","当期改定償却限度額","翌期改定償却限度額","税法上取引","リース期間月数","契約満了日","残価保証額","減損後残存月数","前年申告時耐用年数","申告耐用年数クリア区分","申告時摘要上段","申告時摘要下段","資産除去債務区分","対応資産番号","除去費用見積額","除去費用割引率","除去費用償却年数","利息費用仕訳パターン","短縮特例適用区分","短縮特例適用年月日","短縮特例適用時帳簿価額","定率法均等償却適用区分","会計短縮特例適用時帳簿価額","会計定率法均等償却適用区分","翌期残存率","翌期残存価額","翌期償却可能率","翌期償却可能額","翌期備忘価額区分","翌期残存償却区分","償却基準区分","リース会社コード","契約番号"
"5","0","ﾏｯｽﾙｽｰﾂ・ﾚﾝﾀﾙ用5　　IN005 樹脂ｶﾊﾞｰ　　　","ﾏｯｽﾙｽｰﾂ・ﾚﾝﾀﾙ用5 IN005",,,"0","000005",,,"000000",,,,,,,,"00000000000",,,"1","333600","0","0",,,,"78400","270880",,"8","10","0.2","0","0","25506",,"25506",,,,,,,,,"8",,,,,,,,,,,,,,,,,,,,,,,,"20150102","20150102","20150102","0","1",,"0",,,,,,"0","0",,,,,,,,,,,"6","0001",,,,,,"0",,,,"15680",,"0","0","78400","270880",,,,,,,"0",,,"0",,,"0",,,"0",,,,,,,,,,,,,"0",,,,,,,,,,,,,,,"0",,,,,,,"25506",,,,,,,,,,,,,,,,,,,,,,,,,,,,,,,,,,,,,,,,,,,,,,
"6","0","ﾏｯｽﾙｽｰﾂ・ﾚﾝﾀﾙ用6　　IN007 　　 　　　　","ﾏｯｽﾙｽｰﾂ・ﾚﾝﾀﾙ用6 IN007",,,"0","000005",,,"000000",,,,,,,,"00000000000",,,"1","333600","0","0",,,,"78400","270880",,"8","10","0.2","0","0","25506",,"25506",,,,,,,,,"8",,,,,,,,,,,,,,,,,,,,,,,,"20150102","20150102","20150102","0","1",,"0",,,,,,"0","0",,,,,,,,,,,"6","0001",,,,,,"0",,,,"15680",,"0","0","78400","270880",,,,,,,"0",,,"0",,,"0",,,"0",,,,,,,,,,,,,"0",,,,,,,,,,,,,,,"0",,,,,,,"25506",,,,,,,,,,,,,,,,,,,,,,,,,,,,,,,,,,,,,,,,,,,,,,
"7","0","ﾏｯｽﾙｽｰﾂ・ﾚﾝﾀﾙ用7　  IN008 樹脂ｶﾊﾞｰ　　　","ﾏｯｽﾙｽｰﾂ・ﾚﾝﾀﾙ用7 IN008",,,"0","000005",,,"000000",,,,,,,,"00000000000",,,"1","333600","0","0",,,,"78400","270880",,"8","10","0.2","0","0","25506",,"25506",,,,,,,,,"8",,,,,,,,,,,,,,,,,,,,,,,,"20150102","20150102","20150102","0","1",,"0",,,,,,"0","0",,,,,,,,,,,"6","0001",,,,,,"0",,,,"15680",,"0","0","78400","270880",,,,,,,"0",,,"0",,,"0",,,"0",,,,,,,,,,,,,"0",,,,,,,,,,,,,,,"0",,,,,,,"25506",,,,,,,,,,,,,,,,,,,,,,,,,,,,,,,,,,,,,,,,,,,,,,
"8","0","ﾏｯｽﾙｽｰﾂ・ﾚﾝﾀﾙ用8　　IN009 樹脂ｶﾊﾞｰ　　　","ﾏｯｽﾙｽｰﾂ・ﾚﾝﾀﾙ用8 IN009",,,"0","000005",,,"000000",,,,,,,,"00000000000",,,"1","333600","0","0",,,,"78400","270880",,"8","10","0.2","0","0","25506",,"25506",,,,,,,,,"8",,,,,,,,,,,,,,,,,,,,,,,,"20150102","20150102","20150102","0","1",,"0",,,,,,"0","0",,,,,,,,,,,"6","0001",,,,,,"0",,,,"15680",,"0","0","78400","270880",,,,,,,"0",,,"0",,,"0",,,"0",,,,,,,,,,,,,"0",,,,,,,,,,,,,,,"0",,,,,,,"25506",,,,,,,,,,,,,,,,,,,,,,,,,,,,,,,,,,,,,,,,,,,,,,
"11","0","ﾏｯｽﾙｽｰﾂ　ﾀｯﾁ式　　　IN010　　　　　　　","ﾏｯｽﾙｽｰﾂ ﾀｯﾁ式 IN010 ",,,"0","000005",,,"000000",,,,,,,,"00000000000",,,"1","312000","0","0",,,,"78400","249280",,"8","10","0.2","0","0","24281",,"24281",,,,,,,,,"8",,,,,,,,,,,,,,,,,,,,,,,,"20150130","20150130","20150130","0","1",,"0",,,,,,"0","0",,,,,,,,,,,"0",,,,,,,"0",,,,"15680",,"0","0","78400","249280",,,,,,,"0",,,"0",,,"0",,,"0",,,,,,,,,,,,,"0",,,,,,,,,,,,,,,"0",,,,,,,"24281",,,,,,,,,,,,,,,,,,,,,,,,,,,,,,,,,,,,,,,,,,,,,,
"16","0","ﾏｯｽﾙｽｰﾂ呼気式1　　　IN017　　　　　　　","ﾏｯｽﾙｽｰﾂ呼気式1 IN017 ",,,"0","000005",,,"000000",,,,,,,,"00000000000",,,"1","350000","0","0",,,,"78400","287280",,"8","10","0.2","0","0","27238",,"27238",,,,,,,,,"8",,,,,,,,,,,,,,,,,,,,,,,,"20150228","20150228","20150228","0","1",,"0",,,,,,"0","0",,,,,,,,,,,"6","0001",,,,,,"0",,,,"15680",,"0","0","78400","287280",,,,,,,"0",,,"0",,,"0",,,"0",,,,,,,,,,,,,"0",,,,,,,,,,,,,,,"0",,,,,,,"27238",,,,,,,,,,,,,,,,,,,,,,,,,,,,,,,,,,,,,,,,,,,,,,
"17","0","ﾏｯｽﾙｽｰﾂ　2B026　　　農林053　　　　　　","ﾏｯｽﾙｽｰﾂ 2B026 農林053 ",,,"0","000005",,,"000000",,,,,,,,"00000000000",,,"1","457600","0","1","305066",,,"56622","419851",,"8","10","0.2","0","0","18873",,"18873",,,,,,,,,"8",,,,,,,,,,,,,,,,,,,,,,,,"20150330","20150330","20150330","0","1",,"0",,,,,,"0","0",,,,,,,,,,,"6","0001",,,,,,"0",,,,"18873",,"0","0","56622","419851",,,,,,,"0",,,"0",,,"0",,,"0",,,,,,,,,,,,,"0",,,,,,,,,,,,,,,"0",,,,,,,"11324",,,,,,,,,,,,,,,,,,,,,,,,,,,,,,,,,,,,,,,,,,,,,,
"18","0","ﾏｯｽﾙｽｰﾂ　2B027　　　農林054　　　　　　","ﾏｯｽﾙｽｰﾂ 2B027 農林054 ",,,"0","000005",,,"000000",,,,,,,,"00000000000",,,"1","457600","0","1","305066",,,"56622","419851",,"8","10","0.2","0","0","18873",,"18873",,,,,,,,,"8",,,,,,,,,,,,,,,,,,,,,,,,"20150330","20150330","20150330","0","1",,"0",,,,,,"0","0",,,,,,,,,,,"6","0001",,,,,,"0",,,,"18873",,"0","0","56622","419851",,,,,,,"0",,,"0",,,"0",,,"0",,,,,,,,,,,,,"0",,,,,,,,,,,,,,,"0",,,,,,,"11324",,,,,,,,,,,,,,,,,,,,,,,,,,,,,,,,,,,,,,,,,,,,,,
"19","0","ﾏｯｽﾙｽｰﾂ　2B028　　　農林055　　　　　　","ﾏｯｽﾙｽｰﾂ 2B028 農林055 ",,,"0","000005",,,"000000",,,,,,,,"00000000000",,,"1","457600","0","1","305066",,,"56622","419851",,"8","10","0.2","0","0","18873",,"18873",,,,,,,,,"8",,,,,,,,,,,,,,,,,,,,,,,,"20150330","20150330","20150330","0","1",,"0",,,,,,"0","0",,,,,,,,,,,"6","0001",,,,,,"0",,,,"18873",,"0","0","56622","419851",,,,,,,"0",,,"0",,,"0",,,"0",,,,,,,,,,,,,"0",,,,,,,,,,,,,,,"0",,,,,,,"11324",,,,,,,,,,,,,,,,,,,,,,,,,,,,,,,,,,,,,,,,,,,,,,
"20","0","ﾏｯｽﾙｽｰﾂ  2B029　　　農林056　　　　　　","ﾏｯｽﾙｽｰﾂ 2B029 農林056 ",,,"0","000005",,,"000000",,,,,,,,"00000000000",,,"1","457600","0","1","305066",,,"56622","419851",,"8","10","0.2","0","0","18873",,"18873",,,,,,,,,"8",,,,,,,,,,,,,,,,,,,,,,,,"20150330","20150330","20150330","0","1",,"0",,,,,,"0","0",,,,,,,,,,,"6","0001",,,,,,"0",,,,"18873",,"0","0","56622","419851",,,,,,,"0",,,"0",,,"0",,,"0",,,,,,,,,,,,,"0",,,,,,,,,,,,,,,"0",,,,,,,"11324",,,,,,,,,,,,,,,,,,,,,,,,,,,,,,,,,,,,,,,,,,,,,,
"21","0","ﾏｯｽﾙｽｰﾂ　2B030　　　農林057　　　　　　","ﾏｯｽﾙｽｰﾂ 2B030 農林057 ",,,"0","000005",,,"000000",,,,,,,,"00000000000",,,"1","457600","0","1","305066",,,"56622","419851",,"8","10","0.2","0","0","18873",,"18873",,,,,,,,,"8",,,,,,,,,,,,,,,,,,,,,,,,"20150330","20150330","20150330","0","1",,"0",,,,,,"0","0",,,,,,,,,,,"6","0001",,,,,,"0",,,,"18873",,"0","0","56622","419851",,,,,,,"0",,,"0",,,"0",,,"0",,,,,,,,,,,,,"0",,,,,,,,,,,,,,,"0",,,,,,,"11324",,,,,,,,,,,,,,,,,,,,,,,,,,,,,,,,,,,,,,,,,,,,,,
"22","0","ﾏｯｽﾙｽｰﾂ　2B031　　　農林058　　　　　　","ﾏｯｽﾙｽｰﾂ 2B031 農林058 ",,,"0","000005",,,"000000",,,,,,,,"00000000000",,,"1","457600","0","1","305066",,,"56622","419851",,"8","10","0.2","0","0","18873",,"18873",,,,,,,,,"8",,,,,,,,,,,,,,,,,,,,,,,,"20150330","20150330","20150330","0","1",,"0",,,,,,"0","0",,,,,,,,,,,"6","0001",,,,,,"0",,,,"18873",,"0","0","56622","419851",,,,,,,"0",,,"0",,,"0",,,"0",,,,,,,,,,,,,"0",,,,,,,,,,,,,,,"0",,,,,,,"11324",,,,,,,,,,,,,,,,,,,,,,,,,,,,,,,,,,,,,,,,,,,,,,
"23","0","ﾏｯｽﾙｽｰﾂ　2B032　　　農林059　　　　　　","ﾏｯｽﾙｽｰﾂ 2B032 農林059 ",,,"0","000005",,,"000000",,,,,,,,"00000000000",,,"1","457600","0","1","305066",,,"56622","419851",,"8","10","0.2","0","0","18873",,"18873",,,,,,,,,"8",,,,,,,,,,,,,,,,,,,,,,,,"20150330","20150330","20150330","0","1",,"0",,,,,,"0","0",,,,,,,,,,,"6","0001",,,,,,"0",,,,"18873",,"0","0","56622","419851",,,,,,,"0",,,"0",,,"0",,,"0",,,,,,,,,,,,,"0",,,,,,,,,,,,,,,"0",,,,,,,"11324",,,,,,,,,,,,,,,,,,,,,,,,,,,,,,,,,,,,,,,,,,,,,,
"24","0","ﾏｯｽﾙｽｰﾂ　2B033　　　農林060　　　　　　","ﾏｯｽﾙｽｰﾂ 2B033 農林060 ",,,"0","000005",,,"000000",,,,,,,,"00000000000",,,"1","457600","0","1","305066",,,"56622","419851",,"8","10","0.2","0","0","18873",,"18873",,,,,,,,,"8",,,,,,,,,,,,,,,,,,,,,,,,"20150330","20150330","20150330","0","1",,"0",,,,,,"0","0",,,,,,,,,,,"6","0001",,,,,,"0",,,,"18873",,"0","0","56622","419851",,,,,,,"0",,,"0",,,"0",,,"0",,,,,,,,,,,,,"0",,,,,,,,,,,,,,,"0",,,,,,,"11324",,,,,,,,,,,,,,,,,,,,,,,,,,,,,,,,,,,,,,,,,,,,,,
"25","0","ﾏｯｽﾙｽｰﾂ　2B034　　　農林061　　　　　　","ﾏｯｽﾙｽｰﾂ 2B034 農林061 ",,,"0","000005",,,"000000",,,,,,,,"00000000000",,,"1","457600","0","1","305066",,,"56622","419851",,"8","10","0.2","0","0","18873",,"18873",,,,,,,,,"8",,,,,,,,,,,,,,,,,,,,,,,,"20150330","20150330","20150330","0","1",,"0",,,,,,"0","0",,,,,,,,,,,"6","0001",,,,,,"0",,,,"18873",,"0","0","56622","419851",,,,,,,"0",,,"0",,,"0",,,"0",,,,,,,,,,,,,"0",,,,,,,,,,,,,,,"0",,,,,,,"11324",,,,,,,,,,,,,,,,,,,,,,,,,,,,,,,,,,,,,,,,,,,,,,
"26","0","ﾏｯｽﾙｽｰﾂ　2B035　　　農林062　　　　　　","ﾏｯｽﾙｽｰﾂ 2B035 農林062 ",,,"0","000005",,,"000000",,,,,,,,"00000000000",,,"1","457600","0","1","305066",,,"56622","419851",,"8","10","0.2","0","0","18873",,"18873",,,,,,,,,"8",,,,,,,,,,,,,,,,,,,,,,,,"20150330","20150330","20150330","0","1",,"0",,,,,,"0","0",,,,,,,,,,,"6","0001",,,,,,"0",,,,"18873",,"0","0","56622","419851",,,,,,,"0",,,"0",,,"0",,,"0",,,,,,,,,,,,,"0",,,,,,,,,,,,,,,"0",,,,,,,"11324",,,,,,,,,,,,,,,,,,,,,,,,,,,,,,,,,,,,,,,,,,,,,,
"27","0","ﾏｯｽﾙｽｰﾂ　2B036　　　農林063　　　　　　","ﾏｯｽﾙｽｰﾂ 2B036 農林063 ",,,"0","000005",,,"000000",,,,,,,,"00000000000",,,"1","457600","0","1","305066",,,"56622","419851",,"8","10","0.2","0","0","18873",,"18873",,,,,,,,,"8",,,,,,,,,,,,,,,,,,,,,,,,"20150330","20150330","20150330","0","1",,"0",,,,,,"0","0",,,,,,,,,,,"6","0001",,,,,,"0",,,,"18873",,"0","0","56622","419851",,,,,,,"0",,,"0",,,"0",,,"0",,,,,,,,,,,,,"0",,,,,,,,,,,,,,,"0",,,,,,,"11324",,,,,,,,,,,,,,,,,,,,,,,,,,,,,,,,,,,,,,,,,,,,,,
"28","0","ﾏｯｽﾙｽｰﾂ　2B037　　　農林064　　　　　　","ﾏｯｽﾙｽｰﾂ 2B037 農林064 ",,,"0","000005",,,"000000",,,,,,,,"00000000000",,,"1","457600","0","1","305066",,,"56622","419851",,"8","10","0.2","0","0","18873",,"18873",,,,,,,,,"8",,,,,,,,,,,,,,,,,,,,,,,,"20150330","20150330","20150330","0","1",,"0",,,,,,"0","0",,,,,,,,,,,"6","0001",,,,,,"0",,,,"18873",,"0","0","56622","419851",,,,,,,"0",,,"0",,,"0",,,"0",,,,,,,,,,,,,"0",,,,,,,,,,,,,,,"0",,,,,,,"11324",,,,,,,,,,,,,,,,,,,,,,,,,,,,,,,,,,,,,,,,,,,,,,
"29","0","ﾏｯｽﾙｽｰﾂ　2B038　　　農林065　　　　　　","ﾏｯｽﾙｽｰﾂ 2B038 農林065 ",,,"0","000005",,,"000000",,,,,,,,"00000000000",,,"1","457600","0","1","305066",,,"56622","419851",,"8","10","0.2","0","0","18873",,"18873",,,,,,,,,"8",,,,,,,,,,,,,,,,,,,,,,,,"20150330","20150330","20150330","0","1",,"0",,,,,,"0","0",,,,,,,,,,,"6","0001",,,,,,"0",,,,"18873",,"0","0","56622","419851",,,,,,,"0",,,"0",,,"0",,,"0",,,,,,,,,,,,,"0",,,,,,,,,,,,,,,"0",,,,,,,"11324",,,,,,,,,,,,,,,,,,,,,,,,,,,,,,,,,,,,,,,,,,,,,,
"30","0","ﾏｯｽﾙｽｰﾂ　2B039　　　農林066　　　　　　","ﾏｯｽﾙｽｰﾂ 2B039 農林066 ",,,"0","000005",,,"000000",,,,,,,,"00000000000",,,"1","457600","0","1","305066",,,"56622","419851",,"8","10","0.2","0","0","18873",,"18873",,,,,,,,,"8",,,,,,,,,,,,,,,,,,,,,,,,"20150330","20150330","20150330","0","1",,"0",,,,,,"0","0",,,,,,,,,,,"6","0001",,,,,,"0",,,,"18873",,"0","0","56622","419851",,,,,,,"0",,,"0",,,"0",,,"0",,,,,,,,,,,,,"0",,,,,,,,,,,,,,,"0",,,,,,,"11324",,,,,,,,,,,,,,,,,,,,,,,,,,,,,,,,,,,,,,,,,,,,,,
"31","0","ﾏｯｽﾙｽｰﾂ　2B040　　　農林067　　　　　　","ﾏｯｽﾙｽｰﾂ 2B040 農林067 ",,,"0","000005",,,"000000",,,,,,,,"00000000000",,,"1","457600","0","1","305066",,,"56622","419851",,"8","10","0.2","0","0","18873",,"18873",,,,,,,,,"8",,,,,,,,,,,,,,,,,,,,,,,,"20150330","20150330","20150330","0","1",,"0",,,,,,"0","0",,,,,,,,,,,"6","0001",,,,,,"0",,,,"18873",,"0","0","56622","419851",,,,,,,"0",,,"0",,,"0",,,"0",,,,,,,,,,,,,"0",,,,,,,,,,,,,,,"0",,,,,,,"11324",,,,,,,,,,,,,,,,,,,,,,,,,,,,,,,,,,,,,,,,,,,,,,
"32","0","ﾏｯｽﾙｽｰﾂ　2B041　　　農林068　　　　　　","ﾏｯｽﾙｽｰﾂ 2B041 農林068 ",,,"0","000005",,,"000000",,,,,,,,"00000000000",,,"1","457600","0","1","305066",,,"56622","419851",,"8","10","0.2","0","0","18873",,"18873",,,,,,,,,"8",,,,,,,,,,,,,,,,,,,,,,,,"20150330","20150330","20150330","0","1",,"0",,,,,,"0","0",,,,,,,,,,,"6","0001",,,,,,"0",,,,"18873",,"0","0","56622","419851",,,,,,,"0",,,"0",,,"0",,,"0",,,,,,,,,,,,,"0",,,,,,,,,,,,,,,"0",,,,,,,"11324",,,,,,,,,,,,,,,,,,,,,,,,,,,,,,,,,,,,,,,,,,,,,,
"33","0","ﾏｯｽﾙｽｰﾂ　2B042　　　農林069　　　　　　","ﾏｯｽﾙｽｰﾂ 2B042 農林069 ",,,"0","000005",,,"000000",,,,,,,,"00000000000",,,"1","457600","0","1","305066",,,"56622","419851",,"8","10","0.2","0","0","18873",,"18873",,,,,,,,,"8",,,,,,,,,,,,,,,,,,,,,,,,"20150330","20150330","20150330","0","1",,"0",,,,,,"0","0",,,,,,,,,,,"6","0001",,,,,,"0",,,,"18873",,"0","0","56622","419851",,,,,,,"0",,,"0",,,"0",,,"0",,,,,,,,,,,,,"0",,,,,,,,,,,,,,,"0",,,,,,,"11324",,,,,,,,,,,,,,,,,,,,,,,,,,,,,,,,,,,,,,,,,,,,,,
"34","0","ﾏｯｽﾙｽｰﾂ　2B043　　　農林070　　　　　　","ﾏｯｽﾙｽｰﾂ 2B043 農林070 ",,,"0","000005",,,"000000",,,,,,,,"00000000000",,,"1","457600","0","1","305066",,,"56622","419851",,"8","10","0.2","0","0","18873",,"18873",,,,,,,,,"8",,,,,,,,,,,,,,,,,,,,,,,,"20150330","20150330","20150330","0","1",,"0",,,,,,"0","0",,,,,,,,,,,"6","0001",,,,,,"0",,,,"18873",,"0","0","56622","419851",,,,,,,"0",,,"0",,,"0",,,"0",,,,,,,,,,,,,"0",,,,,,,,,,,,,,,"0",,,,,,,"11324",,,,,,,,,,,,,,,,,,,,,,,,,,,,,,,,,,,,,,,,,,,,,,
"35","0","ﾏｯｽﾙｽｰﾂ　2B044　　　農林071　　　　　　","ﾏｯｽﾙｽｰﾂ 2B044 農林071 ",,,"0","000005",,,"000000",,,,,,,,"00000000000",,,"1","457600","0","1","305066",,,"56622","419851",,"8","10","0.2","0","0","18873",,"18873",,,,,,,,,"8",,,,,,,,,,,,,,,,,,,,,,,,"20150330","20150330","20150330","0","1",,"0",,,,,,"0","0",,,,,,,,,,,"6","0001",,,,,,"0",,,,"18873",,"0","0","56622","419851",,,,,,,"0",,,"0",,,"0",,,"0",,,,,,,,,,,,,"0",,,,,,,,,,,,,,,"0",,,,,,,"11324",,,,,,,,,,,,,,,,,,,,,,,,,,,,,,,,,,,,,,,,,,,,,,
"36","0","ﾏｯｽﾙｽｰﾂ　2B045　　　農林072　　　　　　","ﾏｯｽﾙｽｰﾂ 2B045 農林072 ",,,"0","000005",,,"000000",,,,,,,,"00000000000",,,"1","457600","0","1","305066",,,"56622","419851",,"8","10","0.2","0","0","18873",,"18873",,,,,,,,,"8",,,,,,,,,,,,,,,,,,,,,,,,"20150330","20150330","20150330","0","1",,"0",,,,,,"0","0",,,,,,,,,,,"6","0001",,,,,,"0",,,,"18873",,"0","0","56622","419851",,,,,,,"0",,,"0",,,"0",,,"0",,,,,,,,,,,,,"0",,,,,,,,,,,,,,,"0",,,,,,,"11324",,,,,,,,,,,,,,,,,,,,,,,,,,,,,,,,,,,,,,,,,,,,,,
"37","0","ﾏｯｽﾙｽｰﾂ　2B046　　　農林073　　　　　　","ﾏｯｽﾙｽｰﾂ 2B046 農林073 ",,,"0","000005",,,"000000",,,,,,,,"00000000000",,,"1","457600","0","1","305066",,,"56622","419851",,"8","10","0.2","0","0","18873",,"18873",,,,,,,,,"8",,,,,,,,,,,,,,,,,,,,,,,,"20150330","20150330","20150330","0","1",,"0",,,,,,"0","0",,,,,,,,,,,"6","0001",,,,,,"0",,,,"18873",,"0","0","56622","419851",,,,,,,"0",,,"0",,,"0",,,"0",,,,,,,,,,,,,"0",,,,,,,,,,,,,,,"0",,,,,,,"11324",,,,,,,,,,,,,,,,,,,,,,,,,,,,,,,,,,,,,,,,,,,,,,
"38","0","ﾏｯｽﾙｽｰﾂ　2B047　　　農林074　　　　　　","ﾏｯｽﾙｽｰﾂ 2B047 農林074 ",,,"0","000005",,,"000000",,,,,,,,"00000000000",,,"1","457600","0","1","305066",,,"56622","419851",,"8","10","0.2","0","0","18873",,"18873",,,,,,,,,"8",,,,,,,,,,,,,,,,,,,,,,,,"20150330","20150330","20150330","0","1",,"0",,,,,,"0","0",,,,,,,,,,,"6","0001",,,,,,"0",,,,"18873",,"0","0","56622","419851",,,,,,,"0",,,"0",,,"0",,,"0",,,,,,,,,,,,,"0",,,,,,,,,,,,,,,"0",,,,,,,"11324",,,,,,,,,,,,,,,,,,,,,,,,,,,,,,,,,,,,,,,,,,,,,,
"39","0","ﾏｯｽﾙｽｰﾂ　2B048　　　農林075　　　　　　","ﾏｯｽﾙｽｰﾂ 2B048 農林075 ",,,"0","000005",,,"000000",,,,,,,,"00000000000",,,"1","457600","0","1","305066",,,"56622","419851",,"8","10","0.2","0","0","18873",,"18873",,,,,,,,,"8",,,,,,,,,,,,,,,,,,,,,,,,"20150330","20150330","20150330","0","1",,"0",,,,,,"0","0",,,,,,,,,,,"6","0001",,,,,,"0",,,,"18873",,"0","0","56622","419851",,,,,,,"0",,,"0",,,"0",,,"0",,,,,,,,,,,,,"0",,,,,,,,,,,,,,,"0",,,,,,,"11324",,,,,,,,,,,,,,,,,,,,,,,,,,,,,,,,,,,,,,,,,,,,,,
"41","0","ﾏｯｽﾙｽｰﾂ　2B050　　　農林077　　　　　　","ﾏｯｽﾙｽｰﾂ 2B050 農林077 ",,,"0","000005",,,"000000",,,,,,,,"00000000000",,,"1","457600","0","1","305066",,,"56622","419851",,"8","10","0.2","0","0","18873",,"18873",,,,,,,,,"8",,,,,,,,,,,,,,,,,,,,,,,,"20150330","20150330","20150330","0","1",,"0",,,,,,"0","0",,,,,,,,,,,"6","0001",,,,,,"0",,,,"18873",,"0","0","56622","419851",,,,,,,"0",,,"0",,,"0",,,"0",,,,,,,,,,,,,"0",,,,,,,,,,,,,,,"0",,,,,,,"11324",,,,,,,,,,,,,,,,,,,,,,,,,,,,,,,,,,,,,,,,,,,,,,
"42","0","ﾏｯｽﾙｽｰﾂ　2B051　　　農林078　　　　　　","ﾏｯｽﾙｽｰﾂ 2B051 農林078 ",,,"0","000005",,,"000000",,,,,,,,"00000000000",,,"1","457600","0","1","305066",,,"56622","419851",,"8","10","0.2","0","0","18873",,"18873",,,,,,,,,"8",,,,,,,,,,,,,,,,,,,,,,,,"20150330","20150330","20150330","0","1",,"0",,,,,,"0","0",,,,,,,,,,,"6","0001",,,,,,"0",,,,"18873",,"0","0","56622","419851",,,,,,,"0",,,"0",,,"0",,,"0",,,,,,,,,,,,,"0",,,,,,,,,,,,,,,"0",,,,,,,"11324",,,,,,,,,,,,,,,,,,,,,,,,,,,,,,,,,,,,,,,,,,,,,,
"43","0","ﾏｯｽﾙｽｰﾂ　2B052　　　農林079　　　　　　","ﾏｯｽﾙｽｰﾂ 2B052 農林079 ",,,"0","000005",,,"000000",,,,,,,,"00000000000",,,"1","457600","0","1","305066",,,"56622","419851",,"8","10","0.2","0","0","18873",,"18873",,,,,,,,,"8",,,,,,,,,,,,,,,,,,,,,,,,"20150330","20150330","20150330","0","1",,"0",,,,,,"0","0",,,,,,,,,,,"6","0001",,,,,,"0",,,,"18873",,"0","0","56622","419851",,,,,,,"0",,,"0",,,"0",,,"0",,,,,,,,,,,,,"0",,,,,,,,,,,,,,,"0",,,,,,,"11324",,,,,,,,,,,,,,,,,,,,,,,,,,,,,,,,,,,,,,,,,,,,,,
"44","0","ﾏｯｽﾙｽｰﾂ　2B053　　　農林080　　　　　　","ﾏｯｽﾙｽｰﾂ 2B053 農林080 ",,,"0","000005",,,"000000",,,,,,,,"00000000000",,,"1","457600","0","1","305066",,,"56622","419851",,"8","10","0.2","0","0","18873",,"18873",,,,,,,,,"8",,,,,,,,,,,,,,,,,,,,,,,,"20150330","20150330","20150330","0","1",,"0",,,,,,"0","0",,,,,,,,,,,"6","0001",,,,,,"0",,,,"18873",,"0","0","56622","419851",,,,,,,"0",,,"0",,,"0",,,"0",,,,,,,,,,,,,"0",,,,,,,,,,,,,,,"0",,,,,,,"11324",,,,,,,,,,,,,,,,,,,,,,,,,,,,,,,,,,,,,,,,,,,,,,
"45","0","ﾏｯｽﾙｽｰﾂ　2B054　　　農林081　　　　　　","ﾏｯｽﾙｽｰﾂ 2B054 農林081 ",,,"0","000005",,,"000000",,,,,,,,"00000000000",,,"1","457600","0","1","305066",,,"56622","419851",,"8","10","0.2","0","0","18873",,"18873",,,,,,,,,"8",,,,,,,,,,,,,,,,,,,,,,,,"20150330","20150330","20150330","0","1",,"0",,,,,,"0","0",,,,,,,,,,,"6","0001",,,,,,"0",,,,"18873",,"0","0","56622","419851",,,,,,,"0",,,"0",,,"0",,,"0",,,,,,,,,,,,,"0",,,,,,,,,,,,,,,"0",,,,,,,"11324",,,,,,,,,,,,,,,,,,,,,,,,,,,,,,,,,,,,,,,,,,,,,,
"46","0","ﾏｯｽﾙｽｰﾂ　2B055　　　農林082　　　　　　","ﾏｯｽﾙｽｰﾂ 2B055 農林082 ",,,"0","000005",,,"000000",,,,,,,,"00000000000",,,"1","457600","0","1","305066",,,"56622","419851",,"8","10","0.2","0","0","18873",,"18873",,,,,,,,,"8",,,,,,,,,,,,,,,,,,,,,,,,"20150330","20150330","20150330","0","1",,"0",,,,,,"0","0",,,,,,,,,,,"6","0001",,,,,,"0",,,,"18873",,"0","0","56622","419851",,,,,,,"0",,,"0",,,"0",,,"0",,,,,,,,,,,,,"0",,,,,,,,,,,,,,,"0",,,,,,,"11324",,,,,,,,,,,,,,,,,,,,,,,,,,,,,,,,,,,,,,,,,,,,,,
"47","0","ﾏｯｽﾙｽｰﾂ　2B056　　　農林083　　　　　　","ﾏｯｽﾙｽｰﾂ 2B056 農林083 ",,,"0","000005",,,"000000",,,,,,,,"00000000000",,,"1","457600","0","1","305066",,,"56622","419851",,"8","10","0.2","0","0","18873",,"18873",,,,,,,,,"8",,,,,,,,,,,,,,,,,,,,,,,,"20150330","20150330","20150330","0","1",,"0",,,,,,"0","0",,,,,,,,,,,"6","0001",,,,,,"0",,,,"18873",,"0","0","56622","419851",,,,,,,"0",,,"0",,,"0",,,"0",,,,,,,,,,,,,"0",,,,,,,,,,,,,,,"0",,,,,,,"11324",,,,,,,,,,,,,,,,,,,,,,,,,,,,,,,,,,,,,,,,,,,,,,
"48","0","ﾏｯｽﾙｽｰﾂ　2B057　　　農林084　　　　　　","ﾏｯｽﾙｽｰﾂ 2B057 農林084 ",,,"0","000005",,,"000000",,,,,,,,"00000000000",,,"1","457600","0","1","305066",,,"56622","419851",,"8","10","0.2","0","0","18873",,"18873",,,,,,,,,"8",,,,,,,,,,,,,,,,,,,,,,,,"20150330","20150330","20150330","0","1",,"0",,,,,,"0","0",,,,,,,,,,,"6","0001",,,,,,"0",,,,"18873",,"0","0","56622","419851",,,,,,,"0",,,"0",,,"0",,,"0",,,,,,,,,,,,,"0",,,,,,,,,,,,,,,"0",,,,,,,"11324",,,,,,,,,,,,,,,,,,,,,,,,,,,,,,,,,,,,,,,,,,,,,,
"49","0","ﾏｯｽﾙｽｰﾂ　2B058　　　農林085　　　　　　","ﾏｯｽﾙｽｰﾂ 2B058 農林085 ",,,"0","000005",,,"000000",,,,,,,,"00000000000",,,"1","457600","0","1","305066",,,"56622","419851",,"8","10","0.2","0","0","18873",,"18873",,,,,,,,,"8",,,,,,,,,,,,,,,,,,,,,,,,"20150330","20150330","20150330","0","1",,"0",,,,,,"0","0",,,,,,,,,,,"6","0001",,,,,,"0",,,,"18873",,"0","0","56622","419851",,,,,,,"0",,,"0",,,"0",,,"0",,,,,,,,,,,,,"0",,,,,,,,,,,,,,,"0",,,,,,,"11324",,,,,,,,,,,,,,,,,,,,,,,,,,,,,,,,,,,,,,,,,,,,,,
"50","0","ﾏｯｽﾙｽｰﾂ　2B059　　　農林086　　　　　　","ﾏｯｽﾙｽｰﾂ 2B059 農林086 ",,,"0","000005",,,"000000",,,,,,,,"00000000000",,,"1","457600","0","1","305067",,,"56622","419851",,"8","10","0.2","0","0","18873",,"18873",,,,,,,,,"8",,,,,,,,,,,,,,,,,,,,,,,,"20150330","20150330","20150330","0","1",,"0",,,,,,"0","0",,,,,,,,,,,"6","0001",,,,,,"0",,,,"18873",,"0","0","56622","419851",,,,,,,"0",,,"0",,,"0",,,"0",,,,,,,,,,,,,"0",,,,,,,,,,,,,,,"0",,,,,,,"11324",,,,,,,,,,,,,,,,,,,,,,,,,,,,,,,,,,,,,,,,,,,,,,
"51","0","ﾏｯｽﾙｽｰﾂ　2B060　　　農林087　　　　　　","ﾏｯｽﾙｽｰﾂ 2B060 農林087 ",,,"0","000005",,,"000000",,,,,,,,"00000000000",,,"1","457600","0","1","305067",,,"56622","419851",,"8","10","0.2","0","0","18873",,"18873",,,,,,,,,"8",,,,,,,,,,,,,,,,,,,,,,,,"20150330","20150330","20150330","0","1",,"0",,,,,,"0","0",,,,,,,,,,,"6","0001",,,,,,"0",,,,"18873",,"0","0","56622","419851",,,,,,,"0",,,"0",,,"0",,,"0",,,,,,,,,,,,,"0",,,,,,,,,,,,,,,"0",,,,,,,"11324",,,,,,,,,,,,,,,,,,,,,,,,,,,,,,,,,,,,,,,,,,,,,,
"52","0","ﾏｯｽﾙｽｰﾂ　2B061　　　農林088　　　　　　","ﾏｯｽﾙｽｰﾂ 2B061 農林088 ",,,"0","000005",,,"000000",,,,,,,,"00000000000",,,"1","457600","0","1","305067",,,"56622","419851",,"8","10","0.2","0","0","18873",,"18873",,,,,,,,,"8",,,,,,,,,,,,,,,,,,,,,,,,"20150330","20150330","20150330","0","1",,"0",,,,,,"0","0",,,,,,,,,,,"6","0001",,,,,,"0",,,,"18873",,"0","0","56622","419851",,,,,,,"0",,,"0",,,"0",,,"0",,,,,,,,,,,,,"0",,,,,,,,,,,,,,,"0",,,,,,,"11324",,,,,,,,,,,,,,,,,,,,,,,,,,,,,,,,,,,,,,,,,,,,,,
"53","0","ﾏｯｽﾙｽｰﾂ　2B062　　　農林089　　　　　　","ﾏｯｽﾙｽｰﾂ 2B062 農林089 ",,,"0","000005",,,"000000",,,,,,,,"00000000000",,,"1","457600","0","1","305067",,,"56622","419851",,"8","10","0.2","0","0","18873",,"18873",,,,,,,,,"8",,,,,,,,,,,,,,,,,,,,,,,,"20150330","20150330","20150330","0","1",,"0",,,,,,"0","0",,,,,,,,,,,"6","0001",,,,,,"0",,,,"18873",,"0","0","56622","419851",,,,,,,"0",,,"0",,,"0",,,"0",,,,,,,,,,,,,"0",,,,,,,,,,,,,,,"0",,,,,,,"11324",,,,,,,,,,,,,,,,,,,,,,,,,,,,,,,,,,,,,,,,,,,,,,
"54","0","ﾏｯｽﾙｽｰﾂ　2B063　　　農林090　　　　　　","ﾏｯｽﾙｽｰﾂ 2B063 農林090 ",,,"0","000005",,,"000000",,,,,,,,"00000000000",,,"1","457600","0","1","305067",,,"56622","419851",,"8","10","0.2","0","0","18873",,"18873",,,,,,,,,"8",,,,,,,,,,,,,,,,,,,,,,,,"20150330","20150330","20150330","0","1",,"0",,,,,,"0","0",,,,,,,,,,,"6","0001",,,,,,"0",,,,"18873",,"0","0","56622","419851",,,,,,,"0",,,"0",,,"0",,,"0",,,,,,,,,,,,,"0",,,,,,,,,,,,,,,"0",,,,,,,"11324",,,,,,,,,,,,,,,,,,,,,,,,,,,,,,,,,,,,,,,,,,,,,,
"55","0","ﾏｯｽﾙｽｰﾂ　2B064　　　農林091　　　　　　","ﾏｯｽﾙｽｰﾂ 2B064 農林091 ",,,"0","000005",,,"000000",,,,,,,,"00000000000",,,"1","457600","0","1","305067",,,"56622","419851",,"8","10","0.2","0","0","18873",,"18873",,,,,,,,,"8",,,,,,,,,,,,,,,,,,,,,,,,"20150330","20150330","20150330","0","1",,"0",,,,,,"0","0",,,,,,,,,,,"6","0001",,,,,,"0",,,,"18873",,"0","0","56622","419851",,,,,,,"0",,,"0",,,"0",,,"0",,,,,,,,,,,,,"0",,,,,,,,,,,,,,,"0",,,,,,,"11324",,,,,,,,,,,,,,,,,,,,,,,,,,,,,,,,,,,,,,,,,,,,,,
"56","0","ﾏｯｽﾙｽｰﾂ　2B065　　　農林092　　　　　　","ﾏｯｽﾙｽｰﾂ 2B065 農林092 ",,,"0","000005",,,"000000",,,,,,,,"00000000000",,,"1","457600","0","1","305067",,,"56622","419851",,"8","10","0.2","0","0","18873",,"18873",,,,,,,,,"8",,,,,,,,,,,,,,,,,,,,,,,,"20150330","20150330","20150330","0","1",,"0",,,,,,"0","0",,,,,,,,,,,"6","0001",,,,,,"0",,,,"18873",,"0","0","56622","419851",,,,,,,"0",,,"0",,,"0",,,"0",,,,,,,,,,,,,"0",,,,,,,,,,,,,,,"0",,,,,,,"11324",,,,,,,,,,,,,,,,,,,,,,,,,,,,,,,,,,,,,,,,,,,,,,
"57","0","ﾏｯｽﾙｽｰﾂ　2B066　　　農林093　　　　　　","ﾏｯｽﾙｽｰﾂ 2B066 農林093 ",,,"0","000005",,,"000000",,,,,,,,"00000000000",,,"1","457600","0","1","305067",,,"56622","419851",,"8","10","0.2","0","0","18873",,"18873",,,,,,,,,"8",,,,,,,,,,,,,,,,,,,,,,,,"20150330","20150330","20150330","0","1",,"0",,,,,,"0","0",,,,,,,,,,,"6","0001",,,,,,"0",,,,"18873",,"0","0","56622","419851",,,,,,,"0",,,"0",,,"0",,,"0",,,,,,,,,,,,,"0",,,,,,,,,,,,,,,"0",,,,,,,"11324",,,,,,,,,,,,,,,,,,,,,,,,,,,,,,,,,,,,,,,,,,,,,,
"58","0","ﾏｯｽﾙｽｰﾂ　2B067　　　農林094　　　　　　","ﾏｯｽﾙｽｰﾂ 2B067 農林094 ",,,"0","000005",,,"000000",,,,,,,,"00000000000",,,"1","457600","0","1","305067",,,"56622","419851",,"8","10","0.2","0","0","18873",,"18873",,,,,,,,,"8",,,,,,,,,,,,,,,,,,,,,,,,"20150330","20150330","20150330","0","1",,"0",,,,,,"0","0",,,,,,,,,,,"6","0001",,,,,,"0",,,,"18873",,"0","0","56622","419851",,,,,,,"0",,,"0",,,"0",,,"0",,,,,,,,,,,,,"0",,,,,,,,,,,,,,,"0",,,,,,,"11324",,,,,,,,,,,,,,,,,,,,,,,,,,,,,,,,,,,,,,,,,,,,,,
"59","0","ﾏｯｽﾙｽｰﾂ　2B068　　　農林095　　　　　　","ﾏｯｽﾙｽｰﾂ 2B068 農林095 ",,,"0","000005",,,"000000",,,,,,,,"00000000000",,,"1","457600","0","1","305067",,,"56622","419851",,"8","10","0.2","0","0","18873",,"18873",,,,,,,,,"8",,,,,,,,,,,,,,,,,,,,,,,,"20150330","20150330","20150330","0","1",,"0",,,,,,"0","0",,,,,,,,,,,"6","0001",,,,,,"0",,,,"18873",,"0","0","56622","419851",,,,,,,"0",,,"0",,,"0",,,"0",,,,,,,,,,,,,"0",,,,,,,,,,,,,,,"0",,,,,,,"11324",,,,,,,,,,,,,,,,,,,,,,,,,,,,,,,,,,,,,,,,,,,,,,
"60","0","ﾏｯｽﾙｽｰﾂ　2B069　　　農林096　　　　　　","ﾏｯｽﾙｽｰﾂ 2B069 農林096 ",,,"0","000005",,,"000000",,,,,,,,"00000000000",,,"1","457600","0","1","305067",,,"56622","419851",,"8","10","0.2","0","0","18873",,"18873",,,,,,,,,"8",,,,,,,,,,,,,,,,,,,,,,,,"20150330","20150330","20150330","0","1",,"0",,,,,,"0","0",,,,,,,,,,,"6","0001",,,,,,"0",,,,"18873",,"0","0","56622","419851",,,,,,,"0",,,"0",,,"0",,,"0",,,,,,,,,,,,,"0",,,,,,,,,,,,,,,"0",,,,,,,"11324",,,,,,,,,,,,,,,,,,,,,,,,,,,,,,,,,,,,,,,,,,,,,,
"61","0","ﾏｯｽﾙｽｰﾂ　2B070　　　農林097　　　　　　","ﾏｯｽﾙｽｰﾂ 2B070 農林097 ",,,"0","000005",,,"000000",,,,,,,,"00000000000",,,"1","457600","0","1","305067",,,"56622","419851",,"8","10","0.2","0","0","18873",,"18873",,,,,,,,,"8",,,,,,,,,,,,,,,,,,,,,,,,"20150330","20150330","20150330","0","1",,"0",,,,,,"0","0",,,,,,,,,,,"6","0001",,,,,,"0",,,,"18873",,"0","0","56622","419851",,,,,,,"0",,,"0",,,"0",,,"0",,,,,,,,,,,,,"0",,,,,,,,,,,,,,,"0",,,,,,,"11324",,,,,,,,,,,,,,,,,,,,,,,,,,,,,,,,,,,,,,,,,,,,,,
"62","0","ﾏｯｽﾙｽｰﾂ　2B071　　　農林098　　　　　　","ﾏｯｽﾙｽｰﾂ 2B071 農林098 ",,,"0","000005",,,"000000",,,,,,,,"00000000000",,,"1","457600","0","1","305067",,,"56622","419851",,"8","10","0.2","0","0","18873",,"18873",,,,,,,,,"8",,,,,,,,,,,,,,,,,,,,,,,,"20150330","20150330","20150330","0","1",,"0",,,,,,"0","0",,,,,,,,,,,"6","0001",,,,,,"0",,,,"18873",,"0","0","56622","419851",,,,,,,"0",,,"0",,,"0",,,"0",,,,,,,,,,,,,"0",,,,,,,,,,,,,,,"0",,,,,,,"11324",,,,,,,,,,,,,,,,,,,,,,,,,,,,,,,,,,,,,,,,,,,,,,
"63","0","ﾏｯｽﾙｽｰﾂ　2B072　　　農林099　　　　　　","ﾏｯｽﾙｽｰﾂ 2B072 農林099 ",,,"0","000005",,,"000000",,,,,,,,"00000000000",,,"1","457600","0","1","305067",,,"56622","419851",,"8","10","0.2","0","0","18873",,"18873",,,,,,,,,"8",,,,,,,,,,,,,,,,,,,,,,,,"20150330","20150330","20150330","0","1",,"0",,,,,,"0","0",,,,,,,,,,,"6","0001",,,,,,"0",,,,"18873",,"0","0","56622","419851",,,,,,,"0",,,"0",,,"0",,,"0",,,,,,,,,,,,,"0",,,,,,,,,,,,,,,"0",,,,,,,"11324",,,,,,,,,,,,,,,,,,,,,,,,,,,,,,,,,,,,,,,,,,,,,,
"64","0","ﾏｯｽﾙｽｰﾂ　2B073　　　農林100　　　　　　","ﾏｯｽﾙｽｰﾂ 2B073 農林100 ",,,"0","000005",,,"000000",,,,,,,,"00000000000",,,"1","457600","0","1","305067",,,"56622","419851",,"8","10","0.2","0","0","18873",,"18873",,,,,,,,,"8",,,,,,,,,,,,,,,,,,,,,,,,"20150330","20150330","20150330","0","1",,"0",,,,,,"0","0",,,,,,,,,,,"6","0001",,,,,,"0",,,,"18873",,"0","0","56622","419851",,,,,,,"0",,,"0",,,"0",,,"0",,,,,,,,,,,,,"0",,,,,,,,,,,,,,,"0",,,,,,,"11324",,,,,,,,,,,,,,,,,,,,,,,,,,,,,,,,,,,,,,,,,,,,,,
"65","0","ﾏｯｽﾙｽｰﾂ　2B074　　　農林101　　　　　　","ﾏｯｽﾙｽｰﾂ 2B074 農林101 ",,,"0","000005",,,"000000",,,,,,,,"00000000000",,,"1","457600","0","1","305067",,,"56622","419851",,"8","10","0.2","0","0","18873",,"18873",,,,,,,,,"8",,,,,,,,,,,,,,,,,,,,,,,,"20150330","20150330","20150330","0","1",,"0",,,,,,"0","0",,,,,,,,,,,"6","0001",,,,,,"0",,,,"18873",,"0","0","56622","419851",,,,,,,"0",,,"0",,,"0",,,"0",,,,,,,,,,,,,"0",,,,,,,,,,,,,,,"0",,,,,,,"11324",,,,,,,,,,,,,,,,,,,,,,,,,,,,,,,,,,,,,,,,,,,,,,
"66","0","ﾏｯｽﾙｽｰﾂ　2B075　　　農林102　　　　　　","ﾏｯｽﾙｽｰﾂ 2B075 農林102 ",,,"0","000005",,,"000000",,,,,,,,"00000000000",,,"1","457600","0","1","305067",,,"56622","419851",,"8","10","0.2","0","0","18873",,"18873",,,,,,,,,"8",,,,,,,,,,,,,,,,,,,,,,,,"20150330","20150330","20150330","0","1",,"0",,,,,,"0","0",,,,,,,,,,,"6","0001",,,,,,"0",,,,"18873",,"0","0","56622","419851",,,,,,,"0",,,"0",,,"0",,,"0",,,,,,,,,,,,,"0",,,,,,,,,,,,,,,"0",,,,,,,"11324",,,,,,,,,,,,,,,,,,,,,,,,,,,,,,,,,,,,,,,,,,,,,,
"67","0","ﾏｯｽﾙｽｰﾂ　3B012　　　農林003　　　　　　","ﾏｯｽﾙｽｰﾂ 3B012 農林003 ",,,"0","000005",,,"000000",,,,,,,,"00000000000",,,"1","457600","0","1","305067",,,"56622","419851",,"8","10","0.2","0","0","18873",,"18873",,,,,,,,,"8",,,,,,,,,,,,,,,,,,,,,,,,"20150330","20150330","20150330","0","1",,"0",,,,,,"0","0",,,,,,,,,,,"6","0001",,,,,,"0",,,,"18873",,"0","0","56622","419851",,,,,,,"0",,,"0",,,"0",,,"0",,,,,,,,,,,,,"0",,,,,,,,,,,,,,,"0",,,,,,,"11324",,,,,,,,,,,,,,,,,,,,,,,,,,,,,,,,,,,,,,,,,,,,,,
"68","0","ﾏｯｽﾙｽｰﾂ　3B013　　　農林004　　　　　　","ﾏｯｽﾙｽｰﾂ 3B013 農林004 ",,,"0","000005",,,"000000",,,,,,,,"00000000000",,,"1","457600","0","1","305067",,,"56622","419851",,"8","10","0.2","0","0","18873",,"18873",,,,,,,,,"8",,,,,,,,,,,,,,,,,,,,,,,,"20150330","20150330","20150330","0","1",,"0",,,,,,"0","0",,,,,,,,,,,"6","0001",,,,,,"0",,,,"18873",,"0","0","56622","419851",,,,,,,"0",,,"0",,,"0",,,"0",,,,,,,,,,,,,"0",,,,,,,,,,,,,,,"0",,,,,,,"11324",,,,,,,,,,,,,,,,,,,,,,,,,,,,,,,,,,,,,,,,,,,,,,
"69","0","ﾏｯｽﾙｽｰﾂ　3B014　　　農林005　　　　　　","ﾏｯｽﾙｽｰﾂ 3B014 農林005 ",,,"0","000005",,,"000000",,,,,,,,"00000000000",,,"1","457600","0","1","305067",,,"56622","419851",,"8","10","0.2","0","0","18873",,"18873",,,,,,,,,"8",,,,,,,,,,,,,,,,,,,,,,,,"20150330","20150330","20150330","0","1",,"0",,,,,,"0","0",,,,,,,,,,,"6","0001",,,,,,"0",,,,"18873",,"0","0","56622","419851",,,,,,,"0",,,"0",,,"0",,,"0",,,,,,,,,,,,,"0",,,,,,,,,,,,,,,"0",,,,,,,"11324",,,,,,,,,,,,,,,,,,,,,,,,,,,,,,,,,,,,,,,,,,,,,,
"70","0","ﾏｯｽﾙｽｰﾂ　3B015　　　農林006　　　　　　","ﾏｯｽﾙｽｰﾂ 3B015 農林006 ",,,"0","000005",,,"000000",,,,,,,,"00000000000",,,"1","457600","0","1","305067",,,"56622","419851",,"8","10","0.2","0","0","18873",,"18873",,,,,,,,,"8",,,,,,,,,,,,,,,,,,,,,,,,"20150330","20150330","20150330","0","1",,"0",,,,,,"0","0",,,,,,,,,,,"6","0001",,,,,,"0",,,,"18873",,"0","0","56622","419851",,,,,,,"0",,,"0",,,"0",,,"0",,,,,,,,,,,,,"0",,,,,,,,,,,,,,,"0",,,,,,,"11324",,,,,,,,,,,,,,,,,,,,,,,,,,,,,,,,,,,,,,,,,,,,,,
"71","0","ﾏｯｽﾙｽｰﾂ　3B016　　　農林007　　　　　　","ﾏｯｽﾙｽｰﾂ 3B016 農林007 ",,,"0","000005",,,"000000",,,,,,,,"00000000000",,,"1","457600","0","1","305067",,,"56622","419851",,"8","10","0.2","0","0","18873",,"18873",,,,,,,,,"8",,,,,,,,,,,,,,,,,,,,,,,,"20150330","20150330","20150330","0","1",,"0",,,,,,"0","0",,,,,,,,,,,"6","0001",,,,,,"0",,,,"18873",,"0","0","56622","419851",,,,,,,"0",,,"0",,,"0",,,"0",,,,,,,,,,,,,"0",,,,,,,,,,,,,,,"0",,,,,,,"11324",,,,,,,,,,,,,,,,,,,,,,,,,,,,,,,,,,,,,,,,,,,,,,
"72","0","ﾏｯｽﾙｽｰﾂ　3B017　　　農林008　　　　　　","ﾏｯｽﾙｽｰﾂ 3B017 農林008 ",,,"0","000005",,,"000000",,,,,,,,"00000000000",,,"1","457600","0","1","305067",,,"56622","419851",,"8","10","0.2","0","0","18873",,"18873",,,,,,,,,"8",,,,,,,,,,,,,,,,,,,,,,,,"20150330","20150330","20150330","0","1",,"0",,,,,,"0","0",,,,,,,,,,,"6","0001",,,,,,"0",,,,"18873",,"0","0","56622","419851",,,,,,,"0",,,"0",,,"0",,,"0",,,,,,,,,,,,,"0",,,,,,,,,,,,,,,"0",,,,,,,"11324",,,,,,,,,,,,,,,,,,,,,,,,,,,,,,,,,,,,,,,,,,,,,,
"73","0","ﾏｯｽﾙｽｰﾂ　3B018　　　農林009　　　　　　","ﾏｯｽﾙｽｰﾂ 3B018 農林009 ",,,"0","000005",,,"000000",,,,,,,,"00000000000",,,"1","457600","0","1","305067",,,"56622","419851",,"8","10","0.2","0","0","18873",,"18873",,,,,,,,,"8",,,,,,,,,,,,,,,,,,,,,,,,"20150330","20150330","20150330","0","1",,"0",,,,,,"0","0",,,,,,,,,,,"6","0001",,,,,,"0",,,,"18873",,"0","0","56622","419851",,,,,,,"0",,,"0",,,"0",,,"0",,,,,,,,,,,,,"0",,,,,,,,,,,,,,,"0",,,,,,,"11324",,,,,,,,,,,,,,,,,,,,,,,,,,,,,,,,,,,,,,,,,,,,,,
"74","0","ﾏｯｽﾙｽｰﾂ　3B019　　　農林010　　　　　　","ﾏｯｽﾙｽｰﾂ 3B019 農林010 ",,,"0","000005",,,"000000",,,,,,,,"00000000000",,,"1","457600","0","1","305067",,,"56622","419851",,"8","10","0.2","0","0","18873",,"18873",,,,,,,,,"8",,,,,,,,,,,,,,,,,,,,,,,,"20150330","20150330","20150330","0","1",,"0",,,,,,"0","0",,,,,,,,,,,"6","0001",,,,,,"0",,,,"18873",,"0","0","56622","419851",,,,,,,"0",,,"0",,,"0",,,"0",,,,,,,,,,,,,"0",,,,,,,,,,,,,,,"0",,,,,,,"11324",,,,,,,,,,,,,,,,,,,,,,,,,,,,,,,,,,,,,,,,,,,,,,
"75","0","ﾏｯｽﾙｽｰﾂ　3B020　　　農林011　　　　　　","ﾏｯｽﾙｽｰﾂ 3B020 農林011 ",,,"0","000005",,,"000000",,,,,,,,"00000000000",,,"1","457600","0","1","305067",,,"56622","419851",,"8","10","0.2","0","0","18873",,"18873",,,,,,,,,"8",,,,,,,,,,,,,,,,,,,,,,,,"20150330","20150330","20150330","0","1",,"0",,,,,,"0","0",,,,,,,,,,,"6","0001",,,,,,"0",,,,"18873",,"0","0","56622","419851",,,,,,,"0",,,"0",,,"0",,,"0",,,,,,,,,,,,,"0",,,,,,,,,,,,,,,"0",,,,,,,"11324",,,,,,,,,,,,,,,,,,,,,,,,,,,,,,,,,,,,,,,,,,,,,,
"76","0","ﾏｯｽﾙｽｰﾂ　3B021　　　農林012　　　　　　","ﾏｯｽﾙｽｰﾂ 3B021 農林012 ",,,"0","000005",,,"000000",,,,,,,,"00000000000",,,"1","457600","0","1","305067",,,"56622","419851",,"8","10","0.2","0","0","18873",,"18873",,,,,,,,,"8",,,,,,,,,,,,,,,,,,,,,,,,"20150330","20150330","20150330","0","1",,"0",,,,,,"0","0",,,,,,,,,,,"6","0001",,,,,,"0",,,,"18873",,"0","0","56622","419851",,,,,,,"0",,,"0",,,"0",,,"0",,,,,,,,,,,,,"0",,,,,,,,,,,,,,,"0",,,,,,,"11324",,,,,,,,,,,,,,,,,,,,,,,,,,,,,,,,,,,,,,,,,,,,,,
"77","0","ﾏｯｽﾙｽｰﾂ　3B022　　　農林013　　　　　　","ﾏｯｽﾙｽｰﾂ 3B022 農林013 ",,,"0","000005",,,"000000",,,,,,,,"00000000000",,,"1","457600","0","1","305067",,,"56622","419851",,"8","10","0.2","0","0","18873",,"18873",,,,,,,,,"8",,,,,,,,,,,,,,,,,,,,,,,,"20150330","20150330","20150330","0","1",,"0",,,,,,"0","0",,,,,,,,,,,"6","0001",,,,,,"0",,,,"18873",,"0","0","56622","419851",,,,,,,"0",,,"0",,,"0",,,"0",,,,,,,,,,,,,"0",,,,,,,,,,,,,,,"0",,,,,,,"11324",,,,,,,,,,,,,,,,,,,,,,,,,,,,,,,,,,,,,,,,,,,,,,
"78","0","ﾏｯｽﾙｽｰﾂ　3B023　　　農林014　　　　　　","ﾏｯｽﾙｽｰﾂ 3B023 農林014 ",,,"0","000005",,,"000000",,,,,,,,"00000000000",,,"1","457600","0","1","305067",,,"56622","419851",,"8","10","0.2","0","0","18873",,"18873",,,,,,,,,"8",,,,,,,,,,,,,,,,,,,,,,,,"20150330","20150330","20150330","0","1",,"0",,,,,,"0","0",,,,,,,,,,,"6","0001",,,,,,"0",,,,"18873",,"0","0","56622","419851",,,,,,,"0",,,"0",,,"0",,,"0",,,,,,,,,,,,,"0",,,,,,,,,,,,,,,"0",,,,,,,"11324",,,,,,,,,,,,,,,,,,,,,,,,,,,,,,,,,,,,,,,,,,,,,,
"79","0","ﾏｯｽﾙｽｰﾂ　3B024　　　農林015　　　　　　","ﾏｯｽﾙｽｰﾂ 3B024 農林015 ",,,"0","000005",,,"000000",,,,,,,,"00000000000",,,"1","457600","0","1","305067",,,"56622","419851",,"8","10","0.2","0","0","18873",,"18873",,,,,,,,,"8",,,,,,,,,,,,,,,,,,,,,,,,"20150330","20150330","20150330","0","1",,"0",,,,,,"0","0",,,,,,,,,,,"6","0001",,,,,,"0",,,,"18873",,"0","0","56622","419851",,,,,,,"0",,,"0",,,"0",,,"0",,,,,,,,,,,,,"0",,,,,,,,,,,,,,,"0",,,,,,,"11324",,,,,,,,,,,,,,,,,,,,,,,,,,,,,,,,,,,,,,,,,,,,,,
"80","0","ﾏｯｽﾙｽｰﾂ　3B025　　　農林016　　　　　　","ﾏｯｽﾙｽｰﾂ 3B025 農林016 ",,,"0","000005",,,"000000",,,,,,,,"00000000000",,,"1","457600","0","1","305067",,,"56622","419851",,"8","10","0.2","0","0","18873",,"18873",,,,,,,,,"8",,,,,,,,,,,,,,,,,,,,,,,,"20150330","20150330","20150330","0","1",,"0",,,,,,"0","0",,,,,,,,,,,"6","0001",,,,,,"0",,,,"18873",,"0","0","56622","419851",,,,,,,"0",,,"0",,,"0",,,"0",,,,,,,,,,,,,"0",,,,,,,,,,,,,,,"0",,,,,,,"11324",,,,,,,,,,,,,,,,,,,,,,,,,,,,,,,,,,,,,,,,,,,,,,
"81","0","ﾏｯｽﾙｽｰﾂ　3B026　　　農林017　　　　　　","ﾏｯｽﾙｽｰﾂ 3B026 農林017 ",,,"0","000005",,,"000000",,,,,,,,"00000000000",,,"1","457600","0","1","305067",,,"56622","419851",,"8","10","0.2","0","0","18873",,"18873",,,,,,,,,"8",,,,,,,,,,,,,,,,,,,,,,,,"20150330","20150330","20150330","0","1",,"0",,,,,,"0","0",,,,,,,,,,,"6","0001",,,,,,"0",,,,"18873",,"0","0","56622","419851",,,,,,,"0",,,"0",,,"0",,,"0",,,,,,,,,,,,,"0",,,,,,,,,,,,,,,"0",,,,,,,"11324",,,,,,,,,,,,,,,,,,,,,,,,,,,,,,,,,,,,,,,,,,,,,,
"82","0","ﾏｯｽﾙｽｰﾂ　3B027　　　農林018　　　　　　","ﾏｯｽﾙｽｰﾂ 3B027 農林018 ",,,"0","000005",,,"000000",,,,,,,,"00000000000",,,"1","457600","0","1","305067",,,"56622","419851",,"8","10","0.2","0","0","18873",,"18873",,,,,,,,,"8",,,,,,,,,,,,,,,,,,,,,,,,"20150330","20150330","20150330","0","1",,"0",,,,,,"0","0",,,,,,,,,,,"6","0001",,,,,,"0",,,,"18873",,"0","0","56622","419851",,,,,,,"0",,,"0",,,"0",,,"0",,,,,,,,,,,,,"0",,,,,,,,,,,,,,,"0",,,,,,,"11324",,,,,,,,,,,,,,,,,,,,,,,,,,,,,,,,,,,,,,,,,,,,,,
"83","0","ﾏｯｽﾙｽｰﾂ　3B028　　　農林019　　　　　　","ﾏｯｽﾙｽｰﾂ 3B028 農林019 ",,,"0","000005",,,"000000",,,,,,,,"00000000000",,,"1","457600","0","1","305067",,,"56622","419851",,"8","10","0.2","0","0","18873",,"18873",,,,,,,,,"8",,,,,,,,,,,,,,,,,,,,,,,,"20150330","20150330","20150330","0","1",,"0",,,,,,"0","0",,,,,,,,,,,"6","0001",,,,,,"0",,,,"18873",,"0","0","56622","419851",,,,,,,"0",,,"0",,,"0",,,"0",,,,,,,,,,,,,"0",,,,,,,,,,,,,,,"0",,,,,,,"11324",,,,,,,,,,,,,,,,,,,,,,,,,,,,,,,,,,,,,,,,,,,,,,
"84","0","ﾏｯｽﾙｽｰﾂ　3B029　　　農林020　　　　　　","ﾏｯｽﾙｽｰﾂ 3B029 農林020 ",,,"0","000005",,,"000000",,,,,,,,"00000000000",,,"1","457600","0","1","305067",,,"56622","419851",,"8","10","0.2","0","0","18873",,"18873",,,,,,,,,"8",,,,,,,,,,,,,,,,,,,,,,,,"20150330","20150330","20150330","0","1",,"0",,,,,,"0","0",,,,,,,,,,,"6","0001",,,,,,"0",,,,"18873",,"0","0","56622","419851",,,,,,,"0",,,"0",,,"0",,,"0",,,,,,,,,,,,,"0",,,,,,,,,,,,,,,"0",,,,,,,"11324",,,,,,,,,,,,,,,,,,,,,,,,,,,,,,,,,,,,,,,,,,,,,,
"85","0","ﾏｯｽﾙｽｰﾂ　3B030　　　農林021　　　　　　","ﾏｯｽﾙｽｰﾂ 3B030 農林021 ",,,"0","000005",,,"000000",,,,,,,,"00000000000",,,"1","457600","0","1","305067",,,"56622","419851",,"8","10","0.2","0","0","18873",,"18873",,,,,,,,,"8",,,,,,,,,,,,,,,,,,,,,,,,"20150330","20150330","20150330","0","1",,"0",,,,,,"0","0",,,,,,,,,,,"6","0001",,,,,,"0",,,,"18873",,"0","0","56622","419851",,,,,,,"0",,,"0",,,"0",,,"0",,,,,,,,,,,,,"0",,,,,,,,,,,,,,,"0",,,,,,,"11324",,,,,,,,,,,,,,,,,,,,,,,,,,,,,,,,,,,,,,,,,,,,,,
"86","0","ﾏｯｽﾙｽｰﾂ　3B031　　　農林022　　　　　　","ﾏｯｽﾙｽｰﾂ 3B031 農林022 ",,,"0","000005",,,"000000",,,,,,,,"00000000000",,,"1","457600","0","1","305067",,,"56622","419851",,"8","10","0.2","0","0","18873",,"18873",,,,,,,,,"8",,,,,,,,,,,,,,,,,,,,,,,,"20150330","20150330","20150330","0","1",,"0",,,,,,"0","0",,,,,,,,,,,"6","0001",,,,,,"0",,,,"18873",,"0","0","56622","419851",,,,,,,"0",,,"0",,,"0",,,"0",,,,,,,,,,,,,"0",,,,,,,,,,,,,,,"0",,,,,,,"11324",,,,,,,,,,,,,,,,,,,,,,,,,,,,,,,,,,,,,,,,,,,,,,
"87","0","ﾏｯｽﾙｽｰﾂ　3B032　　　農林023　　　　　　","ﾏｯｽﾙｽｰﾂ 3B032 農林023 ",,,"0","000005",,,"000000",,,,,,,,"00000000000",,,"1","457600","0","1","305067",,,"56622","419851",,"8","10","0.2","0","0","18873",,"18873",,,,,,,,,"8",,,,,,,,,,,,,,,,,,,,,,,,"20150330","20150330","20150330","0","1",,"0",,,,,,"0","0",,,,,,,,,,,"6","0001",,,,,,"0",,,,"18873",,"0","0","56622","419851",,,,,,,"0",,,"0",,,"0",,,"0",,,,,,,,,,,,,"0",,,,,,,,,,,,,,,"0",,,,,,,"11324",,,,,,,,,,,,,,,,,,,,,,,,,,,,,,,,,,,,,,,,,,,,,,
"88","0","ﾏｯｽﾙｽｰﾂ　3B033　　　農林024　　　　　　","ﾏｯｽﾙｽｰﾂ 3B033 農林024 ",,,"0","000005",,,"000000",,,,,,,,"00000000000",,,"1","457600","0","1","305067",,,"56622","419851",,"8","10","0.2","0","0","18873",,"18873",,,,,,,,,"8",,,,,,,,,,,,,,,,,,,,,,,,"20150330","20150330","20150330","0","1",,"0",,,,,,"0","0",,,,,,,,,,,"6","0001",,,,,,"0",,,,"18873",,"0","0","56622","419851",,,,,,,"0",,,"0",,,"0",,,"0",,,,,,,,,,,,,"0",,,,,,,,,,,,,,,"0",,,,,,,"11324",,,,,,,,,,,,,,,,,,,,,,,,,,,,,,,,,,,,,,,,,,,,,,
"89","0","ﾏｯｽﾙｽｰﾂ　3B034　　　農林025　　　　　　","ﾏｯｽﾙｽｰﾂ 3B034 農林025 ",,,"0","000005",,,"000000",,,,,,,,"00000000000",,,"1","457600","0","1","305067",,,"56622","419851",,"8","10","0.2","0","0","18873",,"18873",,,,,,,,,"8",,,,,,,,,,,,,,,,,,,,,,,,"20150330","20150330","20150330","0","1",,"0",,,,,,"0","0",,,,,,,,,,,"6","0001",,,,,,"0",,,,"18873",,"0","0","56622","419851",,,,,,,"0",,,"0",,,"0",,,"0",,,,,,,,,,,,,"0",,,,,,,,,,,,,,,"0",,,,,,,"11324",,,,,,,,,,,,,,,,,,,,,,,,,,,,,,,,,,,,,,,,,,,,,,
"90","0","ﾏｯｽﾙｽｰﾂ　3B035　　　農林026　　　　　　","ﾏｯｽﾙｽｰﾂ 3B035 農林026 ",,,"0","000005",,,"000000",,,,,,,,"00000000000",,,"1","457600","0","1","305067",,,"56622","419851",,"8","10","0.2","0","0","18873",,"18873",,,,,,,,,"8",,,,,,,,,,,,,,,,,,,,,,,,"20150330","20150330","20150330","0","1",,"0",,,,,,"0","0",,,,,,,,,,,"6","0001",,,,,,"0",,,,"18873",,"0","0","56622","419851",,,,,,,"0",,,"0",,,"0",,,"0",,,,,,,,,,,,,"0",,,,,,,,,,,,,,,"0",,,,,,,"11324",,,,,,,,,,,,,,,,,,,,,,,,,,,,,,,,,,,,,,,,,,,,,,
"91","0","ﾏｯｽﾙｽｰﾂ　3B036　　　農林027　　　　　　","ﾏｯｽﾙｽｰﾂ 3B036 農林027 ",,,"0","000005",,,"000000",,,,,,,,"00000000000",,,"1","457600","0","1","305067",,,"56622","419851",,"8","10","0.2","0","0","18873",,"18873",,,,,,,,,"8",,,,,,,,,,,,,,,,,,,,,,,,"20150330","20150330","20150330","0","1",,"0",,,,,,"0","0",,,,,,,,,,,"6","0001",,,,,,"0",,,,"18873",,"0","0","56622","419851",,,,,,,"0",,,"0",,,"0",,,"0",,,,,,,,,,,,,"0",,,,,,,,,,,,,,,"0",,,,,,,"11324",,,,,,,,,,,,,,,,,,,,,,,,,,,,,,,,,,,,,,,,,,,,,,
"92","0","ﾏｯｽﾙｽｰﾂ　3B037　　　農林028　　　　　　","ﾏｯｽﾙｽｰﾂ 3B037 農林028 ",,,"0","000005",,,"000000",,,,,,,,"00000000000",,,"1","457600","0","1","305067",,,"56622","419851",,"8","10","0.2","0","0","18873",,"18873",,,,,,,,,"8",,,,,,,,,,,,,,,,,,,,,,,,"20150330","20150330","20150330","0","1",,"0",,,,,,"0","0",,,,,,,,,,,"6","0001",,,,,,"0",,,,"18873",,"0","0","56622","419851",,,,,,,"0",,,"0",,,"0",,,"0",,,,,,,,,,,,,"0",,,,,,,,,,,,,,,"0",,,,,,,"11324",,,,,,,,,,,,,,,,,,,,,,,,,,,,,,,,,,,,,,,,,,,,,,
"93","0","ﾏｯｽﾙｽｰﾂ　3B038　　　農林029　　　　　　","ﾏｯｽﾙｽｰﾂ 3B038 農林029 ",,,"0","000005",,,"000000",,,,,,,,"00000000000",,,"1","457600","0","1","305067",,,"56622","419851",,"8","10","0.2","0","0","18873",,"18873",,,,,,,,,"8",,,,,,,,,,,,,,,,,,,,,,,,"20150330","20150330","20150330","0","1",,"0",,,,,,"0","0",,,,,,,,,,,"6","0001",,,,,,"0",,,,"18873",,"0","0","56622","419851",,,,,,,"0",,,"0",,,"0",,,"0",,,,,,,,,,,,,"0",,,,,,,,,,,,,,,"0",,,,,,,"11324",,,,,,,,,,,,,,,,,,,,,,,,,,,,,,,,,,,,,,,,,,,,,,
"94","0","ﾏｯｽﾙｽｰﾂ　3B039　　　農林030　　　　　　","ﾏｯｽﾙｽｰﾂ 3B039 農林030 ",,,"0","000005",,,"000000",,,,,,,,"00000000000",,,"1","457600","0","1","305067",,,"56622","419851",,"8","10","0.2","0","0","18873",,"18873",,,,,,,,,"8",,,,,,,,,,,,,,,,,,,,,,,,"20150330","20150330","20150330","0","1",,"0",,,,,,"0","0",,,,,,,,,,,"6","0001",,,,,,"0",,,,"18873",,"0","0","56622","419851",,,,,,,"0",,,"0",,,"0",,,"0",,,,,,,,,,,,,"0",,,,,,,,,,,,,,,"0",,,,,,,"11324",,,,,,,,,,,,,,,,,,,,,,,,,,,,,,,,,,,,,,,,,,,,,,
"95","0","ﾏｯｽﾙｽｰﾂ　3B041　　　農林031　　　　　　","ﾏｯｽﾙｽｰﾂ 3B041 農林031 ",,,"0","000005",,,"000000",,,,,,,,"00000000000",,,"1","457600","0","1","305067",,,"56622","419851",,"8","10","0.2","0","0","18873",,"18873",,,,,,,,,"8",,,,,,,,,,,,,,,,,,,,,,,,"20150330","20150330","20150330","0","1",,"0",,,,,,"0","0",,,,,,,,,,,"6","0001",,,,,,"0",,,,"18873",,"0","0","56622","419851",,,,,,,"0",,,"0",,,"0",,,"0",,,,,,,,,,,,,"0",,,,,,,,,,,,,,,"0",,,,,,,"11324",,,,,,,,,,,,,,,,,,,,,,,,,,,,,,,,,,,,,,,,,,,,,,
"96","0","ﾏｯｽﾙｽｰﾂ　3B042　　　農林032　　　　　　","ﾏｯｽﾙｽｰﾂ 3B042 農林032 ",,,"0","000005",,,"000000",,,,,,,,"00000000000",,,"1","457600","0","1","305067",,,"56622","419851",,"8","10","0.2","0","0","18873",,"18873",,,,,,,,,"8",,,,,,,,,,,,,,,,,,,,,,,,"20150330","20150330","20150330","0","1",,"0",,,,,,"0","0",,,,,,,,,,,"6","0001",,,,,,"0",,,,"18873",,"0","0","56622","419851",,,,,,,"0",,,"0",,,"0",,,"0",,,,,,,,,,,,,"0",,,,,,,,,,,,,,,"0",,,,,,,"11324",,,,,,,,,,,,,,,,,,,,,,,,,,,,,,,,,,,,,,,,,,,,,,
"97","0","ﾏｯｽﾙｽｰﾂ　3B043　　　農林033　　　　　　","ﾏｯｽﾙｽｰﾂ 3B043 農林033 ",,,"0","000005",,,"000000",,,,,,,,"00000000000",,,"1","457600","0","1","305067",,,"56622","419851",,"8","10","0.2","0","0","18873",,"18873",,,,,,,,,"8",,,,,,,,,,,,,,,,,,,,,,,,"20150330","20150330","20150330","0","1",,"0",,,,,,"0","0",,,,,,,,,,,"6","0001",,,,,,"0",,,,"18873",,"0","0","56622","419851",,,,,,,"0",,,"0",,,"0",,,"0",,,,,,,,,,,,,"0",,,,,,,,,,,,,,,"0",,,,,,,"11324",,,,,,,,,,,,,,,,,,,,,,,,,,,,,,,,,,,,,,,,,,,,,,
"98","0","ﾏｯｽﾙｽｰﾂ　3B044　　　農林034　　　　　　","ﾏｯｽﾙｽｰﾂ 3B044 農林034 ",,,"0","000005",,,"000000",,,,,,,,"00000000000",,,"1","457600","0","1","305067",,,"56622","419851",,"8","10","0.2","0","0","18873",,"18873",,,,,,,,,"8",,,,,,,,,,,,,,,,,,,,,,,,"20150330","20150330","20150330","0","1",,"0",,,,,,"0","0",,,,,,,,,,,"6","0001",,,,,,"0",,,,"18873",,"0","0","56622","419851",,,,,,,"0",,,"0",,,"0",,,"0",,,,,,,,,,,,,"0",,,,,,,,,,,,,,,"0",,,,,,,"11324",,,,,,,,,,,,,,,,,,,,,,,,,,,,,,,,,,,,,,,,,,,,,,
"99","0","ﾏｯｽﾙｽｰﾂ　3B045　　　農林035　　　　　　","ﾏｯｽﾙｽｰﾂ 3B045 農林035 ",,,"0","000005",,,"000000",,,,,,,,"00000000000",,,"1","457600","0","1","305067",,,"56622","419851",,"8","10","0.2","0","0","18873",,"18873",,,,,,,,,"8",,,,,,,,,,,,,,,,,,,,,,,,"20150330","20150330","20150330","0","1",,"0",,,,,,"0","0",,,,,,,,,,,"6","0001",,,,,,"0",,,,"18873",,"0","0","56622","419851",,,,,,,"0",,,"0",,,"0",,,"0",,,,,,,,,,,,,"0",,,,,,,,,,,,,,,"0",,,,,,,"11324",,,,,,,,,,,,,,,,,,,,,,,,,,,,,,,,,,,,,,,,,,,,,,
"100","0","ﾏｯｽﾙｽｰﾂ　3B046　　　農林036　　　　　　","ﾏｯｽﾙｽｰﾂ 3B046 農林036 ",,,"0","000005",,,"000000",,,,,,,,"00000000000",,,"1","457600","0","1","305067",,,"56622","419851",,"8","10","0.2","0","0","18873",,"18873",,,,,,,,,"8",,,,,,,,,,,,,,,,,,,,,,,,"20150330","20150330","20150330","0","1",,"0",,,,,,"0","0",,,,,,,,,,,"6","0001",,,,,,"0",,,,"18873",,"0","0","56622","419851",,,,,,,"0",,,"0",,,"0",,,"0",,,,,,,,,,,,,"0",,,,,,,,,,,,,,,"0",,,,,,,"11324",,,,,,,,,,,,,,,,,,,,,,,,,,,,,,,,,,,,,,,,,,,,,,
"101","0","ﾏｯｽﾙｽｰﾂ　3B047　　　農林037　　　　　　","ﾏｯｽﾙｽｰﾂ 3B047 農林037 ",,,"0","000005",,,"000000",,,,,,,,"00000000000",,,"1","457600","0","1","305067",,,"56622","419851",,"8","10","0.2","0","0","18873",,"18873",,,,,,,,,"8",,,,,,,,,,,,,,,,,,,,,,,,"20150330","20150330","20150330","0","1",,"0",,,,,,"0","0",,,,,,,,,,,"6","0001",,,,,,"0",,,,"18873",,"0","0","56622","419851",,,,,,,"0",,,"0",,,"0",,,"0",,,,,,,,,,,,,"0",,,,,,,,,,,,,,,"0",,,,,,,"11324",,,,,,,,,,,,,,,,,,,,,,,,,,,,,,,,,,,,,,,,,,,,,,
"102","0","ﾏｯｽﾙｽｰﾂ　3B048　　　農林038　　　　　　","ﾏｯｽﾙｽｰﾂ 3B048 農林038 ",,,"0","000005",,,"000000",,,,,,,,"00000000000",,,"1","457600","0","1","305067",,,"56622","419851",,"8","10","0.2","0","0","18873",,"18873",,,,,,,,,"8",,,,,,,,,,,,,,,,,,,,,,,,"20150330","20150330","20150330","0","1",,"0",,,,,,"0","0",,,,,,,,,,,"6","0001",,,,,,"0",,,,"18873",,"0","0","56622","419851",,,,,,,"0",,,"0",,,"0",,,"0",,,,,,,,,,,,,"0",,,,,,,,,,,,,,,"0",,,,,,,"11324",,,,,,,,,,,,,,,,,,,,,,,,,,,,,,,,,,,,,,,,,,,,,,
"103","0","ﾏｯｽﾙｽｰﾂ　3B049　　　農林039　　　　　　","ﾏｯｽﾙｽｰﾂ 3B049 農林039 ",,,"0","000005",,,"000000",,,,,,,,"00000000000",,,"1","457600","0","1","305067",,,"56622","419851",,"8","10","0.2","0","0","18873",,"18873",,,,,,,,,"8",,,,,,,,,,,,,,,,,,,,,,,,"20150330","20150330","20150330","0","1",,"0",,,,,,"0","0",,,,,,,,,,,"6","0001",,,,,,"0",,,,"18873",,"0","0","56622","419851",,,,,,,"0",,,"0",,,"0",,,"0",,,,,,,,,,,,,"0",,,,,,,,,,,,,,,"0",,,,,,,"11324",,,,,,,,,,,,,,,,,,,,,,,,,,,,,,,,,,,,,,,,,,,,,,
"104","0","ﾏｯｽﾙｽｰﾂ　3B050　　　農林040　　　　　　","ﾏｯｽﾙｽｰﾂ 3B050 農林040 ",,,"0","000005",,,"000000",,,,,,,,"00000000000",,,"1","457600","0","1","305067",,,"56622","419851",,"8","10","0.2","0","0","18873",,"18873",,,,,,,,,"8",,,,,,,,,,,,,,,,,,,,,,,,"20150330","20150330","20150330","0","1",,"0",,,,,,"0","0",,,,,,,,,,,"6","0001",,,,,,"0",,,,"18873",,"0","0","56622","419851",,,,,,,"0",,,"0",,,"0",,,"0",,,,,,,,,,,,,"0",,,,,,,,,,,,,,,"0",,,,,,,"11324",,,,,,,,,,,,,,,,,,,,,,,,,,,,,,,,,,,,,,,,,,,,,,
"105","0","ﾏｯｽﾙｽｰﾂ　3B051　　　農林041　　　　　　","ﾏｯｽﾙｽｰﾂ 3B051 農林041 ",,,"0","000005",,,"000000",,,,,,,,"00000000000",,,"1","457600","0","1","305067",,,"56622","419851",,"8","10","0.2","0","0","18873",,"18873",,,,,,,,,"8",,,,,,,,,,,,,,,,,,,,,,,,"20150330","20150330","20150330","0","1",,"0",,,,,,"0","0",,,,,,,,,,,"6","0001",,,,,,"0",,,,"18873",,"0","0","56622","419851",,,,,,,"0",,,"0",,,"0",,,"0",,,,,,,,,,,,,"0",,,,,,,,,,,,,,,"0",,,,,,,"11324",,,,,,,,,,,,,,,,,,,,,,,,,,,,,,,,,,,,,,,,,,,,,,
"106","0","ﾏｯｽﾙｽｰﾂ　3B052　　　農林042　　　　　　","ﾏｯｽﾙｽｰﾂ 3B052 農林042 ",,,"0","000005",,,"000000",,,,,,,,"00000000000",,,"1","457600","0","1","305067",,,"56622","419851",,"8","10","0.2","0","0","18873",,"18873",,,,,,,,,"8",,,,,,,,,,,,,,,,,,,,,,,,"20150330","20150330","20150330","0","1",,"0",,,,,,"0","0",,,,,,,,,,,"6","0001",,,,,,"0",,,,"18873",,"0","0","56622","419851",,,,,,,"0",,,"0",,,"0",,,"0",,,,,,,,,,,,,"0",,,,,,,,,,,,,,,"0",,,,,,,"11324",,,,,,,,,,,,,,,,,,,,,,,,,,,,,,,,,,,,,,,,,,,,,,
"107","0","ﾏｯｽﾙｽｰﾂ　3B053　　　農林043　　　　　　","ﾏｯｽﾙｽｰﾂ 3B053 農林043 ",,,"0","000005",,,"000000",,,,,,,,"00000000000",,,"1","457600","0","1","305067",,,"56622","419851",,"8","10","0.2","0","0","18873",,"18873",,,,,,,,,"8",,,,,,,,,,,,,,,,,,,,,,,,"20150330","20150330","20150330","0","1",,"0",,,,,,"0","0",,,,,,,,,,,"6","0001",,,,,,"0",,,,"18873",,"0","0","56622","419851",,,,,,,"0",,,"0",,,"0",,,"0",,,,,,,,,,,,,"0",,,,,,,,,,,,,,,"0",,,,,,,"11324",,,,,,,,,,,,,,,,,,,,,,,,,,,,,,,,,,,,,,,,,,,,,,
"108","0","ﾏｯｽﾙｽｰﾂ　3B054　　　農林044　　　　　　","ﾏｯｽﾙｽｰﾂ 3B054 農林044 ",,,"0","000005",,,"000000",,,,,,,,"00000000000",,,"1","457600","0","1","305067",,,"56622","419851",,"8","10","0.2","0","0","18873",,"18873",,,,,,,,,"8",,,,,,,,,,,,,,,,,,,,,,,,"20150330","20150330","20150330","0","1",,"0",,,,,,"0","0",,,,,,,,,,,"6","0001",,,,,,"0",,,,"18873",,"0","0","56622","419851",,,,,,,"0",,,"0",,,"0",,,"0",,,,,,,,,,,,,"0",,,,,,,,,,,,,,,"0",,,,,,,"11324",,,,,,,,,,,,,,,,,,,,,,,,,,,,,,,,,,,,,,,,,,,,,,
"109","0","ﾏｯｽﾙｽｰﾂ　3B055　　　農林045　　　　　　","ﾏｯｽﾙｽｰﾂ 3B055 農林045 ",,,"0","000005",,,"000000",,,,,,,,"00000000000",,,"1","457600","0","1","305067",,,"56622","419851",,"8","10","0.2","0","0","18873",,"18873",,,,,,,,,"8",,,,,,,,,,,,,,,,,,,,,,,,"20150330","20150330","20150330","0","1",,"0",,,,,,"0","0",,,,,,,,,,,"6","0001",,,,,,"0",,,,"18873",,"0","0","56622","419851",,,,,,,"0",,,"0",,,"0",,,"0",,,,,,,,,,,,,"0",,,,,,,,,,,,,,,"0",,,,,,,"11324",,,,,,,,,,,,,,,,,,,,,,,,,,,,,,,,,,,,,,,,,,,,,,
"111","0","ﾏｯｽﾙｽｰﾂ　C003　　　　農林047　　　　　　","ﾏｯｽﾙｽｰﾂ C003 農林047 ",,,"0","000005",,,"000000",,,,,,,,"00000000000",,,"1","457600","0","1","305067",,,"56622","419851",,"8","10","0.2","0","0","18873",,"18873",,,,,,,,,"8",,,,,,,,,,,,,,,,,,,,,,,,"20150330","20150330","20150330","0","1",,"0",,,,,,"0","0",,,,,,,,,,,"6","0001",,,,,,"0",,,,"18873",,"0","0","56622","419851",,,,,,,"0",,,"0",,,"0",,,"0",,,,,,,,,,,,,"0",,,,,,,,,,,,,,,"0",,,,,,,"11324",,,,,,,,,,,,,,,,,,,,,,,,,,,,,,,,,,,,,,,,,,,,,,
"112","0","ﾏｯｽﾙｽｰﾂ　C004　　　　農林048 　　　　　","ﾏｯｽﾙｽｰﾂ C004 農林048 ",,,"0","000005",,,"000000",,,,,,,,"00000000000",,,"1","457600","0","1","305067",,,"56622","419851",,"8","10","0.2","0","0","18873",,"18873",,,,,,,,,"8",,,,,,,,,,,,,,,,,,,,,,,,"20150330","20150330","20150330","0","1",,"0",,,,,,"0","0",,,,,,,,,,,"6","0001",,,,,,"0",,,,"18873",,"0","0","56622","419851",,,,,,,"0",,,"0",,,"0",,,"0",,,,,,,,,,,,,"0",,,,,,,,,,,,,,,"0",,,,,,,"11324",,,,,,,,,,,,,,,,,,,,,,,,,,,,,,,,,,,,,,,,,,,,,,
"113","0","ﾏｯｽﾙｽｰﾂ　C005　　　　農林049 　　　　　","ﾏｯｽﾙｽｰﾂ C005 農林049 ",,,"0","000005",,,"000000",,,,,,,,"00000000000",,,"1","457600","0","1","305067",,,"56622","419851",,"8","10","0.2","0","0","18873",,"18873",,,,,,,,,"8",,,,,,,,,,,,,,,,,,,,,,,,"20150330","20150330","20150330","0","1",,"0",,,,,,"0","0",,,,,,,,,,,"6","0001",,,,,,"0",,,,"18873",,"0","0","56622","419851",,,,,,,"0",,,"0",,,"0",,,"0",,,,,,,,,,,,,"0",,,,,,,,,,,,,,,"0",,,,,,,"11324",,,,,,,,,,,,,,,,,,,,,,,,,,,,,,,,,,,,,,,,,,,,,,
"114","0","ﾏｯｽﾙｽｰﾂ　C006　　　　農林050 　　　　　","ﾏｯｽﾙｽｰﾂ C006 農林050 ",,,"0","000005",,,"000000",,,,,,,,"00000000000",,,"1","457600","0","1","305067",,,"56622","419851",,"8","10","0.2","0","0","18873",,"18873",,,,,,,,,"8",,,,,,,,,,,,,,,,,,,,,,,,"20150330","20150330","20150330","0","1",,"0",,,,,,"0","0",,,,,,,,,,,"6","0001",,,,,,"0",,,,"18873",,"0","0","56622","419851",,,,,,,"0",,,"0",,,"0",,,"0",,,,,,,,,,,,,"0",,,,,,,,,,,,,,,"0",,,,,,,"11324",,,,,,,,,,,,,,,,,,,,,,,,,,,,,,,,,,,,,,,,,,,,,,
"115","0","ﾏｯｽﾙｽｰﾂ　C007　　　　農林051 　　　　　","ﾏｯｽﾙｽｰﾂ C007 農林051 ",,,"0","000005",,,"000000",,,,,,,,"00000000000",,,"1","457600","0","1","305067",,,"56622","419851",,"8","10","0.2","0","0","18873",,"18873",,,,,,,,,"8",,,,,,,,,,,,,,,,,,,,,,,,"20150330","20150330","20150330","0","1",,"0",,,,,,"0","0",,,,,,,,,,,"6","0001",,,,,,"0",,,,"18873",,"0","0","56622","419851",,,,,,,"0",,,"0",,,"0",,,"0",,,,,,,,,,,,,"0",,,,,,,,,,,,,,,"0",,,,,,,"11324",,,,,,,,,,,,,,,,,,,,,,,,,,,,,,,,,,,,,,,,,,,,,,
"116","0","ﾏｯｽﾙｽｰﾂ　C008　　　　農林052　　　　　　","ﾏｯｽﾙｽｰﾂ C008 農林052 ",,,"0","000005",,,"000000",,,,,,,,"00000000000",,,"1","457600","0","1","305067",,,"56622","419851",,"8","10","0.2","0","0","18873",,"18873",,,,,,,,,"8",,,,,,,,,,,,,,,,,,,,,,,,"20150330","20150330","20150330","0","1",,"0",,,,,,"0","0",,,,,,,,,,,"6","0001",,,,,,"0",,,,"18873",,"0","0","56622","419851",,,,,,,"0",,,"0",,,"0",,,"0",,,,,,,,,,,,,"0",,,,,,,,,,,,,,,"0",,,,,,,"11324",,,,,,,,,,,,,,,,,,,,,,,,,,,,,,,,,,,,,,,,,,,,,,
"119","0","ﾏｯｽﾙｽｰﾂ1　A15-031AA 2015-6-F-001　　　　","ﾏｯｽﾙｽｰﾂ1 A15-031AA 2",,,"0","000005",,,"000000",,,,,,,,"00000000000",,,"1","350000","0","0",,,,"78400","287280",,"8","10","0.2","0","0","29269",,"29269",,,,,,,,,"8",,,,,,,,,,,,,,,,,,,,,,,,"20150630","20150630","20150630","0","1",,"0",,,,,,"0","0",,,,,,,,,,,"6","0001",,,,,,"0",,,,"15680",,"0","0","78400","287280",,,,,,,"0",,,"0",,,"0",,,"0",,,,,,,,,,,,,"0",,,,,,,,,,,,,,,"0",,,,,,,"29269",,,,,,,,,,,,,,,,,,,,,,,,,,,,,,,,,,,,,,,,,,,,,,
"120","0","ﾏｯｽﾙｽｰﾂ2　A15-031AA 2015-6-F-002　　　　","ﾏｯｽﾙｽｰﾂ2 A15-031AA 2",,,"0","000005",,,"000000",,,,,,,,"00000000000",,,"1","350000","0","0",,,,"78400","287280",,"8","10","0.2","0","0","29269",,"29269",,,,,,,,,"8",,,,,,,,,,,,,,,,,,,,,,,,"20150630","20150630","20150630","0","1",,"0",,,,,,"0","0",,,,,,,,,,,"6","0001",,,,,,"0",,,,"15680",,"0","0","78400","287280",,,,,,,"0",,,"0",,,"0",,,"0",,,,,,,,,,,,,"0",,,,,,,,,,,,,,,"0",,,,,,,"29269",,,,,,,,,,,,,,,,,,,,,,,,,,,,,,,,,,,,,,,,,,,,,,
"121","0","ﾏｯｽﾙｽｰﾂ3　A15-031AA 2015-6-F-003　　　　","ﾏｯｽﾙｽｰﾂ3 A15-031AA 2",,,"0","000005",,,"000000",,,,,,,,"00000000000",,,"1","350000","0","0",,,,"78400","287280",,"8","10","0.2","0","0","29269",,"29269",,,,,,,,,"8",,,,,,,,,,,,,,,,,,,,,,,,"20150630","20150630","20150630","0","1",,"0",,,,,,"0","0",,,,,,,,,,,"6","0001",,,,,,"0",,,,"15680",,"0","0","78400","287280",,,,,,,"0",,,"0",,,"0",,,"0",,,,,,,,,,,,,"0",,,,,,,,,,,,,,,"0",,,,,,,"29269",,,,,,,,,,,,,,,,,,,,,,,,,,,,,,,,,,,,,,,,,,,,,,
"122","0","ﾏｯｽﾙｽｰﾂ4　A15-031AA 2015-6-F-004　　　　","ﾏｯｽﾙｽｰﾂ4 A15-031AA 2",,,"0","000005",,,"000000",,,,,,,,"00000000000",,,"1","350000","0","0",,,,"78400","287280",,"8","10","0.2","0","0","29269",,"29269",,,,,,,,,"8",,,,,,,,,,,,,,,,,,,,,,,,"20150630","20150630","20150630","0","1",,"0",,,,,,"0","0",,,,,,,,,,,"6","0001",,,,,,"0",,,,"15680",,"0","0","78400","287280",,,,,,,"0",,,"0",,,"0",,,"0",,,,,,,,,,,,,"0",,,,,,,,,,,,,,,"0",,,,,,,"29269",,,,,,,,,,,,,,,,,,,,,,,,,,,,,,,,,,,,,,,,,,,,,,
"123","0","ﾏｯｽﾙｽｰﾂ5　A15-031AA 2015-6-F-005　　　　","ﾏｯｽﾙｽｰﾂ5 A15-031AA 2",,,"0","000005",,,"000000",,,,,,,,"00000000000",,,"1","350000","0","0",,,,"78400","287280",,"8","10","0.2","0","0","29269",,"29269",,,,,,,,,"8",,,,,,,,,,,,,,,,,,,,,,,,"20150630","20150630","20150630","0","1",,"0",,,,,,"0","0",,,,,,,,,,,"6","0001",,,,,,"0",,,,"15680",,"0","0","78400","287280",,,,,,,"0",,,"0",,,"0",,,"0",,,,,,,,,,,,,"0",,,,,,,,,,,,,,,"0",,,,,,,"29269",,,,,,,,,,,,,,,,,,,,,,,,,,,,,,,,,,,,,,,,,,,,,,
"125","0","ﾏｯｽﾙｽｰﾂ7　A15-031AA 2015-6-F-007　　　　","ﾏｯｽﾙｽｰﾂ7 A15-031AA 2",,,"0","000005",,,"000000",,,,,,,,"00000000000",,,"1","350000","0","0",,,,"78400","287280",,"8","10","0.2","0","0","29269",,"29269",,,,,,,,,"8",,,,,,,,,,,,,,,,,,,,,,,,"20150630","20150630","20150630","0","1",,"0",,,,,,"0","0",,,,,,,,,,,"6","0001",,,,,,"0",,,,"15680",,"0","0","78400","287280",,,,,,,"0",,,"0",,,"0",,,"0",,,,,,,,,,,,,"0",,,,,,,,,,,,,,,"0",,,,,,,"29269",,,,,,,,,,,,,,,,,,,,,,,,,,,,,,,,,,,,,,,,,,,,,,
"126","0","ﾏｯｽﾙｽｰﾂ8　A15-031AA 2015-6-F-008　　　　","ﾏｯｽﾙｽｰﾂ8 A15-031AA 2",,,"0","000005",,,"000000",,,,,,,,"00000000000",,,"1","350000","0","0",,,,"78400","287280",,"8","10","0.2","0","0","29269",,"29269",,,,,,,,,"8",,,,,,,,,,,,,,,,,,,,,,,,"20150630","20150630","20150630","0","1",,"0",,,,,,"0","0",,,,,,,,,,,"6","0001",,,,,,"0",,,,"15680",,"0","0","78400","287280",,,,,,,"0",,,"0",,,"0",,,"0",,,,,,,,,,,,,"0",,,,,,,,,,,,,,,"0",,,,,,,"29269",,,,,,,,,,,,,,,,,,,,,,,,,,,,,,,,,,,,,,,,,,,,,,
"127","0","ﾏｯｽﾙｽｰﾂ9　A15-031AA 2015-6-F-009　　　　","ﾏｯｽﾙｽｰﾂ9 A15-031AA 2",,,"0","000005",,,"000000",,,,,,,,"00000000000",,,"1","350000","0","0",,,,"78400","287280",,"8","10","0.2","0","0","29269",,"29269",,,,,,,,,"8",,,,,,,,,,,,,,,,,,,,,,,,"20150630","20150630","20150630","0","1",,"0",,,,,,"0","0",,,,,,,,,,,"6","0001",,,,,,"0",,,,"15680",,"0","0","78400","287280",,,,,,,"0",,,"0",,,"0",,,"0",,,,,,,,,,,,,"0",,,,,,,,,,,,,,,"0",,,,,,,"29269",,,,,,,,,,,,,,,,,,,,,,,,,,,,,,,,,,,,,,,,,,,,,,
"128","0","ﾏｯｽﾙｽｰﾂ10　A15-031AA 2015-6-F-010　　　","ﾏｯｽﾙｽｰﾂ10 A15-031AA ",,,"0","000005",,,"000000",,,,,,,,"00000000000",,,"1","350000","0","0",,,,"78400","278133",,"8","10","0.2","0","0","12195",,"12195",,,,,,,,,"8",,,,,,,,,,,,,,,,"1","20190930",,,,,,,"20150630","20150630","20150630","0","1",,"0",,,,,,"0","0",,,,,,,,,,,"6","0001",,,,,,"0",,,,"6533",,"0","0","78400","278133",,,,,,,"0",,,"0",,,"0",,,"0",,,,,,,,,,,,,"0",,,,,,,,,,,,,,,"0",,,,,,,"29269",,,,,,,,,,,,,,,,,,,,,,,,,,,,,,,,,,,,,,,,,,,,,,
"129","0","ﾏｯｽﾙｽｰﾂ11　A15-031AA 2015-6-L-001　　　","ﾏｯｽﾙｽｰﾂ11 A15-031AA ",,,"0","000005",,,"000000",,,,,,,,"00000000000",,,"1","350000","0","0",,,,"78400","287280",,"8","10","0.2","0","0","29269",,"29269",,,,,,,,,"8",,,,,,,,,,,,,,,,,,,,,,,,"20150630","20150630","20150630","0","1",,"0",,,,,,"0","0",,,,,,,,,,,"6","0001",,,,,,"0",,,,"15680",,"0","0","78400","287280",,,,,,,"0",,,"0",,,"0",,,"0",,,,,,,,,,,,,"0",,,,,,,,,,,,,,,"0",,,,,,,"29269",,,,,,,,,,,,,,,,,,,,,,,,,,,,,,,,,,,,,,,,,,,,,,
"130","0","ﾏｯｽﾙｽｰﾂ13　A15-031AA 2015-6-L-003　　　","ﾏｯｽﾙｽｰﾂ13 A15-031AA ",,,"0","000005",,,"000000",,,,,,,,"00000000000",,,"1","350000","0","0",,,,"78400","287280",,"8","10","0.2","0","0","29269",,"29269",,,,,,,,,"8",,,,,,,,,,,,,,,,,,,,,,,,"20150630","20150630","20150630","0","1",,"0",,,,,,"0","0",,,,,,,,,,,"6","0001",,,,,,"0",,,,"15680",,"0","0","78400","287280",,,,,,,"0",,,"0",,,"0",,,"0",,,,,,,,,,,,,"0",,,,,,,,,,,,,,,"0",,,,,,,"29269",,,,,,,,,,,,,,,,,,,,,,,,,,,,,,,,,,,,,,,,,,,,,,
"131","0","ﾏｯｽﾙｽｰﾂ14　A15-031AA 2015-6-L-004　　　","ﾏｯｽﾙｽｰﾂ14 A15-031AA ",,,"0","000005",,,"000000",,,,,,,,"00000000000",,,"1","350000","0","0",,,,"78400","287280",,"8","10","0.2","0","0","29269",,"29269",,,,,,,,,"8",,,,,,,,,,,,,,,,,,,,,,,,"20150630","20150630","20150630","0","1",,"0",,,,,,"0","0",,,,,,,,,,,"6","0001",,,,,,"0",,,,"15680",,"0","0","78400","287280",,,,,,,"0",,,"0",,,"0",,,"0",,,,,,,,,,,,,"0",,,,,,,,,,,,,,,"0",,,,,,,"29269",,,,,,,,,,,,,,,,,,,,,,,,,,,,,,,,,,,,,,,,,,,,,,
"132","0","ﾏｯｽﾙｽｰﾂ15　A15-031AA 2015-6-L-005　　　","ﾏｯｽﾙｽｰﾂ15 A15-031AA ",,,"0","000005",,,"000000",,,,,,,,"00000000000",,,"1","350000","0","0",,,,"78400","287280",,"8","10","0.2","0","0","29269",,"29269",,,,,,,,,"8",,,,,,,,,,,,,,,,,,,,,,,,"20150630","20150630","20150630","0","1",,"0",,,,,,"0","0",,,,,,,,,,,"6","0001",,,,,,"0",,,,"15680",,"0","0","78400","287280",,,,,,,"0",,,"0",,,"0",,,"0",,,,,,,,,,,,,"0",,,,,,,,,,,,,,,"0",,,,,,,"29269",,,,,,,,,,,,,,,,,,,,,,,,,,,,,,,,,,,,,,,,,,,,,,
"133","0","ﾏｯｽﾙｽｰﾂ16　A15-031AA 2015-6-L-006　　　","ﾏｯｽﾙｽｰﾂ16 A15-031AA ",,,"0","000005",,,"000000",,,,,,,,"00000000000",,,"1","350000","0","0",,,,"78400","287280",,"8","10","0.2","0","0","29269",,"29269",,,,,,,,,"8",,,,,,,,,,,,,,,,,,,,,,,,"20150630","20150630","20150630","0","1",,"0",,,,,,"0","0",,,,,,,,,,,"6","0001",,,,,,"0",,,,"15680",,"0","0","78400","287280",,,,,,,"0",,,"0",,,"0",,,"0",,,,,,,,,,,,,"0",,,,,,,,,,,,,,,"0",,,,,,,"29269",,,,,,,,,,,,,,,,,,,,,,,,,,,,,,,,,,,,,,,,,,,,,,
"134","0","ﾏｯｽﾙｽｰﾂ17　A15-031AA 2015-6-L-007　　　","ﾏｯｽﾙｽｰﾂ17 A15-031AA ",,,"0","000005",,,"000000",,,,,,,,"00000000000",,,"1","350000","0","0",,,,"78400","287280",,"8","10","0.2","0","0","29269",,"29269",,,,,,,,,"8",,,,,,,,,,,,,,,,,,,,,,,,"20150630","20150630","20150630","0","1",,"0",,,,,,"0","0",,,,,,,,,,,"6","0001",,,,,,"0",,,,"15680",,"0","0","78400","287280",,,,,,,"0",,,"0",,,"0",,,"0",,,,,,,,,,,,,"0",,,,,,,,,,,,,,,"0",,,,,,,"29269",,,,,,,,,,,,,,,,,,,,,,,,,,,,,,,,,,,,,,,,,,,,,,
"136","0","ﾏｯｽﾙｽｰﾂ1　A15-034AA　IN505　　　　　　　","ﾏｯｽﾙｽｰﾂ1 A15-034AA I",,,"0","000005",,,"000000",,,,,,,,"00000000000",,,"1","350000","0","0",,,,"78400","287280",,"8","10","0.2","0","0","29269",,"29269",,,,,,,,,"8",,,,,,,,,,,,,,,,,,,,,,,,"20150630","20150630","20150630","0","1",,"0",,,,,,"0","0",,,,,,,,,,,"6","0001",,,,,,"0",,,,"15680",,"0","0","78400","287280",,,,,,,"0",,,"0",,,"0",,,"0",,,,,,,,,,,,,"0",,,,,,,,,,,,,,,"0",,,,,,,"29269",,,,,,,,,,,,,,,,,,,,,,,,,,,,,,,,,,,,,,,,,,,,,,
"141","0","ﾏｯｽﾙｽｰﾂ　A15-038AA　 IN705　　　　　　　","ﾏｯｽﾙｽｰﾂ A15-038AA IN",,,"0","000005",,,"000000",,,,,,,,"00000000000",,,"1","350000","0","0",,,,"78400","287280",,"8","10","0.2","0","0","31061",,"31061",,,,,,,,,"8",,,,,,,,,,,,,,,,,,,,,,,,"20150831","20150831","20150831","0","1",,"0",,,,,,"0","0",,,,,,,,,,,"6","0001",,,,,,"0",,,,"15680",,"0","0","78400","287280",,,,,,,"0",,,"0",,,"0",,,"0",,,,,,,,,,,,,"0",,,,,,,,,,,,,,,"0",,,,,,,"31061",,,,,,,,,,,,,,,,,,,,,,,,,,,,,,,,,,,,,,,,,,,,,,
"144","0","ﾏｯｽﾙｽｰﾂ1　A15-080T 　IN019　　 　　　　","ﾏｯｽﾙｽｰﾂ1 A15-080T IN",,,"0","000005",,,"000000",,,,,,,,"00000000000",,,"1","455000","0","0",,,,"78400","392280",,"8","10","0.2","0","0","41156",,"41156",,,,,,,,,"8",,,,,,,,,,,,,,,,,,,,,,,,"20151030","20151030","20151030","0","1",,"0",,,,,,"0","0",,,,,,,,,,,"6","0001",,,,,,"0",,,,"15680",,"0","0","78400","392280",,,,,,,"0",,,"0",,,"0",,,"0",,,,,,,,,,,,,"0",,,,,,,,,,,,,,,"0",,,,,,,"41156",,,,,,,,,,,,,,,,,,,,,,,,,,,,,,,,,,,,,,,,,,,,,,
"145","0","ﾏｯｽﾙｽｰﾂ2　A15-080T　 IN020 　　　　　　","ﾏｯｽﾙｽｰﾂ2 A15-080T IN",,,"0","000005",,,"000000",,,,,,,,"00000000000",,,"1","455000","0","0",,,,"78400","392280",,"8","10","0.2","0","0","41156",,"41156",,,,,,,,,"8",,,,,,,,,,,,,,,,,,,,,,,,"20151030","20151030","20151030","0","1",,"0",,,,,,"0","0",,,,,,,,,,,"6","0001",,,,,,"0",,,,"15680",,"0","0","78400","392280",,,,,,,"0",,,"0",,,"0",,,"0",,,,,,,,,,,,,"0",,,,,,,,,,,,,,,"0",,,,,,,"41156",,,,,,,,,,,,,,,,,,,,,,,,,,,,,,,,,,,,,,,,,,,,,,
"147","0","ﾏｯｽﾙｽｰﾂ1　A15-086H　 IN301 ｽｸﾜｯﾄﾓﾃﾞﾙ　　","ﾏｯｽﾙｽｰﾂ1 A15-086H IN",,,"0","000005",,,"000000",,,,,,,,"00000000000",,,"1","350000","0","0",,,,"78400","287280",,"8","10","0.2","0","0","31659",,"31659",,,,,,,,,"8",,,,,,,,,,,,,,,,,,,,,,,,"20151030","20151030","20151030","0","1",,"0",,,,,,"0","0",,,,,,,,,,,"6","0001",,,,,,"0",,,,"15680",,"0","0","78400","287280",,,,,,,"0",,,"0",,,"0",,,"0",,,,,,,,,,,,,"0",,,,,,,,,,,,,,,"0",,,,,,,"31659",,,,,,,,,,,,,,,,,,,,,,,,,,,,,,,,,,,,,,,,,,,,,,
"148","0","ﾏｯｽﾙｽｰﾂ2　A15-086H　 IN302 ｽｸﾜｯﾄﾓﾃﾞﾙ　　","ﾏｯｽﾙｽｰﾂ2 A15-086H IN",,,"0","000005",,,"000000",,,,,,,,"00000000000",,,"1","350000","0","0",,,,"78400","287280",,"8","10","0.2","0","0","31659",,"31659",,,,,,,,,"8",,,,,,,,,,,,,,,,,,,,,,,,"20151030","20151030","20151030","0","1",,"0",,,,,,"0","0",,,,,,,,,,,"6","0001",,,,,,"0",,,,"15680",,"0","0","78400","287280",,,,,,,"0",,,"0",,,"0",,,"0",,,,,,,,,,,,,"0",,,,,,,,,,,,,,,"0",,,,,,,"31659",,,,,,,,,,,,,,,,,,,,,,,,,,,,,,,,,,,,,,,,,,,,,,
"149","0","ﾏｯｽﾙｽｰﾂ3　A15-086H　 IN303 ｽｸﾜｯﾄﾓﾃﾞﾙ　　","ﾏｯｽﾙｽｰﾂ3 A15-086H IN",,,"0","000005",,,"000000",,,,,,,,"00000000000",,,"1","350000","0","0",,,,"78400","287280",,"8","10","0.2","0","0","31659",,"31659",,,,,,,,,"8",,,,,,,,,,,,,,,,,,,,,,,,"20151030","20151030","20151030","0","1",,"0",,,,,,"0","0",,,,,,,,,,,"6","0001",,,,,,"0",,,,"15680",,"0","0","78400","287280",,,,,,,"0",,,"0",,,"0",,,"0",,,,,,,,,,,,,"0",,,,,,,,,,,,,,,"0",,,,,,,"31659",,,,,,,,,,,,,,,,,,,,,,,,,,,,,,,,,,,,,,,,,,,,,,
"150","0","ﾏｯｽﾙｽｰﾂ4　A15-086H　 IN304 ｽｸﾜｯﾄﾓﾃﾞﾙ　　","ﾏｯｽﾙｽｰﾂ4 A15-086H IN",,,"0","000005",,,"000000",,,,,,,,"00000000000",,,"1","350000","0","0",,,,"78400","287280",,"8","10","0.2","0","0","31658",,"31658",,,,,,,,,"8",,,,,,,,,,,,,,,,,,,,,,,,"20151030","20151030","20151030","0","1",,"0",,,,,,"0","0",,,,,,,,,,,"6","0001",,,,,,"0",,,,"15680",,"0","0","78400","287280",,,,,,,"0",,,"0",,,"0",,,"0",,,,,,,,,,,,,"0",,,,,,,,,,,,,,,"0",,,,,,,"31658",,,,,,,,,,,,,,,,,,,,,,,,,,,,,,,,,,,,,,,,,,,,,,
"151","0","改造ﾏｯｽﾙｽｰﾂ1　A15-086H IN021 腿上げ　 　","改造ﾏｯｽﾙｽｰﾂ1 A15-086H ",,,"0","000005",,,"000000",,,,,,,,"00000000000",,,"1","410300","0","0",,,,"78400","347580",,"8","10","0.2","0","0","37113",,"37113",,,,,,,,,"8",,,,,,,,,,,,,,,,,,,,,,,,"20151030","20151030","20151030","0","1",,"0",,,,,,"0","0",,,,,,,,,,,"6","0001",,,,,,"0",,,,"15680",,"0","0","78400","347580",,,,,,,"0",,,"0",,,"0",,,"0",,,,,,,,,,,,,"0",,,,,,,,,,,,,,,"0",,,,,,,"37113",,,,,,,,,,,,,,,,,,,,,,,,,,,,,,,,,,,,,,,,,,,,,,
"152","0","改造ﾏｯｽﾙｽｰﾂ2　A15-086H IN022 腿上げ　　","改造ﾏｯｽﾙｽｰﾂ2 A15-086H ",,,"0","000005",,,"000000",,,,,,,,"00000000000",,,"1","410300","0","0",,,,"78400","347580",,"8","10","0.2","0","0","37113",,"37113",,,,,,,,,"8",,,,,,,,,,,,,,,,,,,,,,,,"20151030","20151030","20151030","0","1",,"0",,,,,,"0","0",,,,,,,,,,,"6","0001",,,,,,"0",,,,"15680",,"0","0","78400","347580",,,,,,,"0",,,"0",,,"0",,,"0",,,,,,,,,,,,,"0",,,,,,,,,,,,,,,"0",,,,,,,"37113",,,,,,,,,,,,,,,,,,,,,,,,,,,,,,,,,,,,,,,,,,,,,,
"153","0","改造ﾏｯｽﾙｽｰﾂ3　A15-086H IN023 腿上げ 　　","改造ﾏｯｽﾙｽｰﾂ3 A15-086H ",,,"0","000005",,,"000000",,,,,,,,"00000000000",,,"1","410300","0","0",,,,"78400","347580",,"8","10","0.2","0","0","37113",,"37113",,,,,,,,,"8",,,,,,,,,,,,,,,,,,,,,,,,"20151030","20151030","20151030","0","1",,"0",,,,,,"0","0",,,,,,,,,,,"6","0001",,,,,,"0",,,,"15680",,"0","0","78400","347580",,,,,,,"0",,,"0",,,"0",,,"0",,,,,,,,,,,,,"0",,,,,,,,,,,,,,,"0",,,,,,,"37113",,,,,,,,,,,,,,,,,,,,,,,,,,,,,,,,,,,,,,,,,,,,,,
"154","0","改造ﾏｯｽﾙｽｰﾂ4　A15-086H IN024　腿上げ　　","改造ﾏｯｽﾙｽｰﾂ4 A15-086H ",,,"0","000005",,,"000000",,,,,,,,"00000000000",,,"1","410300","0","0",,,,"78400","347580",,"8","10","0.2","0","0","37113",,"37113",,,,,,,,,"8",,,,,,,,,,,,,,,,,,,,,,,,"20151030","20151030","20151030","0","1",,"0",,,,,,"0","0",,,,,,,,,,,"6","0001",,,,,,"0",,,,"15680",,"0","0","78400","347580",,,,,,,"0",,,"0",,,"0",,,"0",,,,,,,,,,,,,"0",,,,,,,,,,,,,,,"0",,,,,,,"37113",,,,,,,,,,,,,,,,,,,,,,,,,,,,,,,,,,,,,,,,,,,,,,
"155","0","ﾏｯｽﾙｽｰﾂ3 A15-131H　　SA-F003　　　　　　","ﾏｯｽﾙｽｰﾂ3 A15-131H SA",,,"0","000005",,,"000000",,,,,,,,"00000000000",,,"1","300000","0","0",,,,"78400","228133",,"8","10","0.2","0","0","11946",,"11946",,,,,,,,,"8",,,,,,,,,,,,,,,,"1","20190930",,,,,,,"20160126","20160126","20160126","0","1",,"0",,,,,,"0","0",,,,,,,,,,,"6","0001",,,,,,"0",,,,"6533",,"0","0","78400","228133",,,,,,,"0",,,"0",,,"0",,,"0",,,,,,,,,,,,,"0",,,,,,,,,,,,,,,"0",,,,,,,"28672",,,,,,,,,,,,,,,,,,,,,,,,,,,,,,,,,,,,,,,,,,,,,,
"156","0","ﾏｯｽﾙｽｰﾂ4 A15-131H　　SA-F004　　　　　　","ﾏｯｽﾙｽｰﾂ4 A15-131H SA",,,"0","000005",,,"000000",,,,,,,,"00000000000",,,"1","300000","0","0",,,,"78400","228133",,"8","10","0.2","0","0","11946",,"11946",,,,,,,,,"8",,,,,,,,,,,,,,,,"1","20190930",,,,,,,"20160126","20160126","20160126","0","1",,"0",,,,,,"0","0",,,,,,,,,,,"6","0001",,,,,,"0",,,,"6533",,"0","0","78400","228133",,,,,,,"0",,,"0",,,"0",,,"0",,,,,,,,,,,,,"0",,,,,,,,,,,,,,,"0",,,,,,,"28672",,,,,,,,,,,,,,,,,,,,,,,,,,,,,,,,,,,,,,,,,,,,,,
"163","0","ﾏｯｽﾙｽｰﾂ1 A15-145H　　SA-F016　　　　　　","ﾏｯｽﾙｽｰﾂ1 A15-145H SA",,,"0","000005",,,"000000",,,,,,,,"00000000000",,,"1","300000","0","0",,,,"78400","237280",,"8","10","0.2","0","0","29184",,"29184",,,,,,,,,"8",,,,,,,,,,,,,,,,,,,,,,,,"20160216","20160216","20160216","0","1",,"0",,,,,,"0","0",,,,,,,,,,,"6","0001",,,,,,"0",,,,"15680",,"0","0","78400","237280",,,,,,,"0",,,"0",,,"0",,,"0",,,,,,,,,,,,,"0",,,,,,,,,,,,,,,"0",,,,,,,"29184",,,,,,,,,,,,,,,,,,,,,,,,,,,,,,,,,,,,,,,,,,,,,,
"170","0","ﾏｯｽﾙｽｰﾂ9 A15-145H　　SA-F024　　　　　　","ﾏｯｽﾙｽｰﾂ9 A15-145H SA",,,"0","000005",,,"000000",,,,,,,,"00000000000",,,"1","300000","0","0",,,,"78400","228133",,"8","10","0.2","0","0","12160",,"12160",,,,,,,,,"8",,,,,,,,,,,,,,,,"1","20190930",,,,,,,"20160216","20160216","20160216","0","1",,"0",,,,,,"0","0",,,,,,,,,,,"6","0001",,,,,,"0",,,,"6533",,"0","0","78400","228133",,,,,,,"0",,,"0",,,"0",,,"0",,,,,,,,,,,,,"0",,,,,,,,,,,,,,,"0",,,,,,,"29184",,,,,,,,,,,,,,,,,,,,,,,,,,,,,,,,,,,,,,,,,,,,,,
"171","0","ﾏｯｽﾙｽｰﾂ11 A15-145H　SA-F026　　　　　　","ﾏｯｽﾙｽｰﾂ11 A15-145H S",,,"0","000005",,,"000000",,,,,,,,"00000000000",,,"1","300000","0","0",,,,"78400","237280",,"8","10","0.2","0","0","29184",,"29184",,,,,,,,,"8",,,,,,,,,,,,,,,,,,,,,,,,"20160216","20160216","20160216","0","1",,"0",,,,,,"0","0",,,,,,,,,,,"6","0001",,,,,,"0",,,,"15680",,"0","0","78400","237280",,,,,,,"0",,,"0",,,"0",,,"0",,,,,,,,,,,,,"0",,,,,,,,,,,,,,,"0",,,,,,,"29184",,,,,,,,,,,,,,,,,,,,,,,,,,,,,,,,,,,,,,,,,,,,,,
"172","0","ﾏｯｽﾙｽｰﾂ1 A15-161H　　SA-F027　　　　　　","ﾏｯｽﾙｽｰﾂ1 A15-161H SA",,,"0","000005",,,"000000",,,,,,,,"00000000000",,,"1","300000","0","0",,,,"78400","237280",,"8","10","0.2","0","0","29184",,"29184",,,,,,,,,"8",,,,,,,,,,,,,,,,,,,,,,,,"20160224","20160224","20160224","0","1",,"0",,,,,,"0","0",,,,,,,,,,,"6","0001",,,,,,"0",,,,"15680",,"0","0","78400","237280",,,,,,,"0",,,"0",,,"0",,,"0",,,,,,,,,,,,,"0",,,,,,,,,,,,,,,"0",,,,,,,"29184",,,,,,,,,,,,,,,,,,,,,,,,,,,,,,,,,,,,,,,,,,,,,,
"173","0","ﾏｯｽﾙｽｰﾂ2 A15-161H　　SA-F028　　　　　　","ﾏｯｽﾙｽｰﾂ2 A15-161H SA",,,"0","000005",,,"000000",,,,,,,,"00000000000",,,"1","300000","0","0",,,,"78400","237280",,"8","10","0.2","0","0","29184",,"29184",,,,,,,,,"8",,,,,,,,,,,,,,,,,,,,,,,,"20160224","20160224","20160224","0","1",,"0",,,,,,"0","0",,,,,,,,,,,"6","0001",,,,,,"0",,,,"15680",,"0","0","78400","237280",,,,,,,"0",,,"0",,,"0",,,"0",,,,,,,,,,,,,"0",,,,,,,,,,,,,,,"0",,,,,,,"29184",,,,,,,,,,,,,,,,,,,,,,,,,,,,,,,,,,,,,,,,,,,,,,
"174","0","ﾏｯｽﾙｽｰﾂ3 A15-161H　　SA-F029　　　　　　","ﾏｯｽﾙｽｰﾂ3 A15-161H SA",,,"0","000005",,,"000000",,,,,,,,"00000000000",,,"1","300000","0","0",,,,"78400","237280",,"8","10","0.2","0","0","29184",,"29184",,,,,,,,,"8",,,,,,,,,,,,,,,,,,,,,,,,"20160224","20160224","20160224","0","1",,"0",,,,,,"0","0",,,,,,,,,,,"6","0001",,,,,,"0",,,,"15680",,"0","0","78400","237280",,,,,,,"0",,,"0",,,"0",,,"0",,,,,,,,,,,,,"0",,,,,,,,,,,,,,,"0",,,,,,,"29184",,,,,,,,,,,,,,,,,,,,,,,,,,,,,,,,,,,,,,,,,,,,,,
"176","0","ﾏｯｽﾙｽｰﾂ5 A15-161H　　SA-F031　　　　　　","ﾏｯｽﾙｽｰﾂ5 A15-161H SA",,,"0","000005",,,"000000",,,,,,,,"00000000000",,,"1","300000","0","0",,,,"78400","228133",,"8","10","0.2","0","0","12160",,"12160",,,,,,,,,"8",,,,,,,,,,,,,,,,"1","20190930",,,,,,,"20160224","20160224","20160224","0","1",,"0",,,,,,"0","0",,,,,,,,,,,"6","0001",,,,,,"0",,,,"6533",,"0","0","78400","228133",,,,,,,"0",,,"0",,,"0",,,"0",,,,,,,,,,,,,"0",,,,,,,,,,,,,,,"0",,,,,,,"29184",,,,,,,,,,,,,,,,,,,,,,,,,,,,,,,,,,,,,,,,,,,,,,
"181","0","ﾏｯｽﾙｽｰﾂ10 A15-161H　SA-F036　　　　　　","ﾏｯｽﾙｽｰﾂ10 A15-161H S",,,"0","000005",,,"000000",,,,,,,,"00000000000",,,"1","300000","0","0",,,,"78400","237280",,"8","10","0.2","0","0","29184",,"29184",,,,,,,,,"8",,,,,,,,,,,,,,,,,,,,,,,,"20160224","20160224","20160224","0","1",,"0",,,,,,"0","0",,,,,,,,,,,"6","0001",,,,,,"0",,,,"15680",,"0","0","78400","237280",,,,,,,"0",,,"0",,,"0",,,"0",,,,,,,,,,,,,"0",,,,,,,,,,,,,,,"0",,,,,,,"29184",,,,,,,,,,,,,,,,,,,,,,,,,,,,,,,,,,,,,,,,,,,,,,
"184","0","ﾏｯｽﾙｽｰﾂ14 A15-161H　SA-F040　　　　　　","ﾏｯｽﾙｽｰﾂ14 A15-161H S",,,"0","000005",,,"000000",,,,,,,,"00000000000",,,"1","300000","0","0",,,,"78400","237280",,"8","10","0.2","0","0","29184",,"29184",,,,,,,,,"8",,,,,,,,,,,,,,,,,,,,,,,,"20160224","20160224","20160224","0","1",,"0",,,,,,"0","0",,,,,,,,,,,"6","0001",,,,,,"0",,,,"15680",,"0","0","78400","237280",,,,,,,"0",,,"0",,,"0",,,"0",,,,,,,,,,,,,"0",,,,,,,,,,,,,,,"0",,,,,,,"29184",,,,,,,,,,,,,,,,,,,,,,,,,,,,,,,,,,,,,,,,,,,,,,
"185","0","ﾏｯｽﾙｽｰﾂ1 A15-216H　　SA-F007　　　　　　","ﾏｯｽﾙｽｰﾂ1 A15-216H SA",,,"0","000005",,,"000000",,,,,,,,"00000000000",,,"1","328000","0","0",,,,"78400","256133",,"8","10","0.2","0","0","13528",,"13528",,,,,,,,,"8",,,,,,,,,,,,,,,,"1","20190930",,,,,,,"20160329","20160329","20160329","0","1",,"0",,,,,,"0","0",,,,,,,,,,,"6","0001",,,,,,"0",,,,"6533",,"0","0","78400","256133",,,,,,,"0",,,"0",,,"0",,,"0",,,,,,,,,,,,,"0",,,,,,,,,,,,,,,"0",,,,,,,"32468",,,,,,,,,,,,,,,,,,,,,,,,,,,,,,,,,,,,,,,,,,,,,,
"187","0","ﾏｯｽﾙｽｰﾂ3 A15-216H　　SA-F009　　　　　　","ﾏｯｽﾙｽｰﾂ3 A15-216H SA",,,"0","000005",,,"000000",,,,,,,,"00000000000",,,"1","328000","0","0",,,,"78400","253520",,"8","10","0.2","0","0","8117",,"8117",,,,,,,,,"8",,,,,,,,,,,,,,,,"1","20190723",,,,,,,"20160329","20160329","20160329","0","1",,"0",,,,,,"0","0",,,,,,,,,,,"6","0001",,,,,,"0",,,,"3920",,"0","0","78400","253520",,,,,,,"0",,,"0",,,"0",,,"0",,,,,,,,,,,,,"0",,,,,,,,,,,,,,,"0",,,,,,,"32468",,,,,,,,,,,,,,,,,,,,,,,,,,,,,,,,,,,,,,,,,,,,,,
"193","0","ﾏｯｽﾙｽｰﾂ10 A15-216H　SA-F042　　　　　　","ﾏｯｽﾙｽｰﾂ10 A15-216H S",,,"0","000005",,,"000000",,,,,,,,"00000000000",,,"1","328000","0","0",,,,"78400","265280",,"8","10","0.2","0","0","32467",,"32467",,,,,,,,,"8",,,,,,,,,,,,,,,,,,,,,,,,"20160329","20160329","20160329","0","1",,"0",,,,,,"0","0",,,,,,,,,,,"6","0001",,,,,,"0",,,,"15680",,"0","0","78400","265280",,,,,,,"0",,,"0",,,"0",,,"0",,,,,,,,,,,,,"0",,,,,,,,,,,,,,,"0",,,,,,,"32467",,,,,,,,,,,,,,,,,,,,,,,,,,,,,,,,,,,,,,,,,,,,,,
"195","0","ﾏｯｽﾙｽｰﾂ12 A15-216H　SA-F044　　　　　　","ﾏｯｽﾙｽｰﾂ12 A15-216H S",,,"0","000005",,,"000000",,,,,,,,"00000000000",,,"1","328000","0","0",,,,"78400","265280",,"8","10","0.2","0","0","32467",,"32467",,,,,,,,,"8",,,,,,,,,,,,,,,,,,,,,,,,"20160329","20160329","20160329","0","1",,"0",,,,,,"0","0",,,,,,,,,,,"6","0001",,,,,,"0",,,,"15680",,"0","0","78400","265280",,,,,,,"0",,,"0",,,"0",,,"0",,,,,,,,,,,,,"0",,,,,,,,,,,,,,,"0",,,,,,,"32467",,,,,,,,,,,,,,,,,,,,,,,,,,,,,,,,,,,,,,,,,,,,,,
"197","0","ﾌﾟﾘﾝﾀｰ　　　　　　　　　　　　　　　　　","ﾌﾟﾘﾝﾀｰ ",,,"0","000005",,,"000000",,,,,,,,"00000000000",,,"1","538000","0","0",,,,"0","538000",,"8","5","0.4","0","0","56167",,"56167",,,,,,,,,"8",,,,,,,,,,,,,,,,,,,,,,,,"20160329","20160329","20160329","0","1",,"0",,,,,,"0","0",,,,,,,,,,,"6","0001",,,,,,"0",,,,"0",,"0","0","0","538000",,,,,,,"0",,,"0",,,"0",,,"0",,,,,,,,,,,,,"0",,,,,,,,,,,,,,,"0",,,,,,,"44934",,,,,,,,,,,,,,,,,,,,,,,,,,,,,,,,,,,,,,,,,,,,,,
"201","0","ﾏｯｽﾙｽｰﾂ4 A16-272AA　SA-S010　　　　　　","ﾏｯｽﾙｽｰﾂ4 A16-272AA S",,,"0","000005",,,"000000",,,,,,,,"00000000000",,,"1","300000","0","0",,,,"78400","237280",,"8","10","0.2","0","0","30720",,"30720",,,,,,,,,"8",,,,,,,,,,,,,,,,,,,,,,,,"20160531","20160531","20160531","0","1",,"0",,,,,,"0","0",,,,,,,,,,,"6","0001",,,,,,"0",,,,"15680",,"0","0","78400","237280",,,,,,,"0",,,"0",,,"0",,,"0",,,,,,,,,,,,,"0",,,,,,,,,,,,,,,"0",,,,,,,"30720",,,,,,,,,,,,,,,,,,,,,,,,,,,,,,,,,,,,,,,,,,,,,,
"202","0","ﾏｯｽﾙｽｰﾂ1　A16-283TG　2015-11-F-028　　　","ﾏｯｽﾙｽｰﾂ1 A16-283TG 2",,,"0","000005",,,"000000",,,,,,,,"00000000000",,,"1","350000","0","0",,,,"78400","287280",,"8","10","0.2","0","0","36587",,"36587",,,,,,,,,"8",,,,,,,,,,,,,,,,,,,,,,,,"20160630","20160630","20160630","0","1",,"0",,,,,,"0","0",,,,,,,,,,,"6","0001",,,,,,"0",,,,"15680",,"0","0","78400","287280",,,,,,,"0",,,"0",,,"0",,,"0",,,,,,,,,,,,,"0",,,,,,,,,,,,,,,"0",,,,,,,"36587",,,,,,,,,,,,,,,,,,,,,,,,,,,,,,,,,,,,,,,,,,,,,,
"203","0","ﾏｯｽﾙｽｰﾂ2　A16-283TG　2015-11-F-029　　　","ﾏｯｽﾙｽｰﾂ2 A16-283TG 2",,,"0","000005",,,"000000",,,,,,,,"00000000000",,,"1","350000","0","0",,,,"78400","287280",,"8","10","0.2","0","0","36587",,"36587",,,,,,,,,"8",,,,,,,,,,,,,,,,,,,,,,,,"20160630","20160630","20160630","0","1",,"0",,,,,,"0","0",,,,,,,,,,,"6","0001",,,,,,"0",,,,"15680",,"0","0","78400","287280",,,,,,,"0",,,"0",,,"0",,,"0",,,,,,,,,,,,,"0",,,,,,,,,,,,,,,"0",,,,,,,"36587",,,,,,,,,,,,,,,,,,,,,,,,,,,,,,,,,,,,,,,,,,,,,,
"204","0","ﾏｯｽﾙｽｰﾂ3　A16-283TG　2015-11-F-030　　　","ﾏｯｽﾙｽｰﾂ3 A16-283TG 2",,,"0","000005",,,"000000",,,,,,,,"00000000000",,,"1","350000","0","0",,,,"78400","287280",,"8","10","0.2","0","0","36587",,"36587",,,,,,,,,"8",,,,,,,,,,,,,,,,,,,,,,,,"20160630","20160630","20160630","0","1",,"0",,,,,,"0","0",,,,,,,,,,,"6","0001",,,,,,"0",,,,"15680",,"0","0","78400","287280",,,,,,,"0",,,"0",,,"0",,,"0",,,,,,,,,,,,,"0",,,,,,,,,,,,,,,"0",,,,,,,"36587",,,,,,,,,,,,,,,,,,,,,,,,,,,,,,,,,,,,,,,,,,,,,,
"205","0","ﾏｯｽﾙｽｰﾂ4　A16-283TG　2015-11-F-031　　　","ﾏｯｽﾙｽｰﾂ4 A16-283TG 2",,,"0","000005",,,"000000",,,,,,,,"00000000000",,,"1","350000","0","0",,,,"78400","287280",,"8","10","0.2","0","0","36587",,"36587",,,,,,,,,"8",,,,,,,,,,,,,,,,,,,,,,,,"20160630","20160630","20160630","0","1",,"0",,,,,,"0","0",,,,,,,,,,,"6","0001",,,,,,"0",,,,"15680",,"0","0","78400","287280",,,,,,,"0",,,"0",,,"0",,,"0",,,,,,,,,,,,,"0",,,,,,,,,,,,,,,"0",,,,,,,"36587",,,,,,,,,,,,,,,,,,,,,,,,,,,,,,,,,,,,,,,,,,,,,,
"213","0","ﾏｯｽﾙｽｰﾂSA Fｻｲｽﾞ　A16-453h　SA-F048　　　","ﾏｯｽﾙｽｰﾂSA Fｻｲｽﾞ A16-",,,"0","000005",,,"000000",,,,,,,,"00000000000",,,"1","300000","0","0",,,,"78400","228133",,"8","10","0.2","0","0","14400",,"14400",,,,,,,,,"8",,,,,,,,,,,,,,,,"1","20190930",,,,,,,"20161128","20161128","20161128","0","1",,"0",,,,,,"0","0",,,,,,,,,,,"6","0001",,,,,,"0",,,,"6533",,"0","0","78400","228133",,,,,,,"0",,,"0",,,"0",,,"0",,,,,,,,,,,,,"0",,,,,,,,,,,,,,,"0",,,,,,,"34560",,,,,,,,,,,,,,,,,,,,,,,,,,,,,,,,,,,,,,,,,,,,,,
"219","0","ﾏｯｽﾙｽｰﾂSA ｿﾌﾄﾌｨｯﾄF A16-401s SF-F-013-BU","ﾏｯｽﾙｽｰﾂSA ｿﾌﾄﾌｨｯﾄF A",,,"0","000005",,,"000000",,,,,,,,"00000000000",,,"1","342000","0","0",,,,"78400","270133",,"8","10","0.2","0","0","16415",,"16415",,,,,,,,,"8",,,,,,,,,,,,,,,,"1","20190930",,,,,,,"20161130","20161130","20161130","0","1",,"0",,,,,,"0","0",,,,,,,,,,,"6","0001",,,,,,"0",,,,"6533",,"0","0","78400","270133",,,,,,,"0",,,"0",,,"0",,,"0",,,,,,,,,,,,,"0",,,,,,,,,,,,,,,"0",,,,,,,"39398",,,,,,,,,,,,,,,,,,,,,,,,,,,,,,,,,,,,,,,,,,,,,,
"228","0","ﾏｯｽﾙｽｰﾂSA ｿﾌﾄﾌｨｯﾄS A16-401s SF-S-013-PK","ﾏｯｽﾙｽｰﾂSA ｿﾌﾄﾌｨｯﾄS A",,,"0","000005",,,"000000",,,,,,,,"00000000000",,,"1","342000","0","0",,,,"78400","279280",,"8","10","0.2","0","0","39398",,"39398",,,,,,,,,"8",,,,,,,,,,,,,,,,,,,,,,,,"20161130","20161130","20161130","0","1",,"0",,,,,,"0","0",,,,,,,,,,,"6","0001",,,,,,"0",,,,"15680",,"0","0","78400","279280",,,,,,,"0",,,"0",,,"0",,,"0",,,,,,,,,,,,,"0",,,,,,,,,,,,,,,"0",,,,,,,"39398",,,,,,,,,,,,,,,,,,,,,,,,,,,,,,,,,,,,,,,,,,,,,,
"236","0","ﾏｯｽﾙｽｰﾂSA Fｻｲｽﾞ1　Y16-538H　　　　　　　","ﾏｯｽﾙｽｰﾂSA Fｻｲｽﾞ1 Y16",,,"0","000005",,,"000000",,,,,,,,"00000000000",,,"1","300000","0","0",,,,"78400","237280",,"8","10","0.2","0","0","35840",,"35840",,,,,,,,,"8",,,,,,,,,,,,,,,,,,,,,,,,"20170105","20170105","20170105","0","1",,"0",,,,,,"0","0",,,,,,,,,,,"6","0001",,,,,,"0",,,,"15680",,"0","0","78400","237280",,,,,,,"0",,,"0",,,"0",,,"0",,,,,,,,,,,,,"0",,,,,,,,,,,,,,,"0",,,,,,,"35840",,,,,,,,,,,,,,,,,,,,,,,,,,,,,,,,,,,,,,,,,,,,,,
"237","0","ﾏｯｽﾙｽｰﾂSA Fｻｲｽﾞ2　Y16-538H　　　　　 　","ﾏｯｽﾙｽｰﾂSA Fｻｲｽﾞ2 Y16",,,"0","000005",,,"000000",,,,,,,,"00000000000",,,"1","300000","0","0",,,,"78400","237280",,"8","10","0.2","0","0","35840",,"35840",,,,,,,,,"8",,,,,,,,,,,,,,,,,,,,,,,,"20170105","20170105","20170105","0","1",,"0",,,,,,"0","0",,,,,,,,,,,"6","0001",,,,,,"0",,,,"15680",,"0","0","78400","237280",,,,,,,"0",,,"0",,,"0",,,"0",,,,,,,,,,,,,"0",,,,,,,,,,,,,,,"0",,,,,,,"35840",,,,,,,,,,,,,,,,,,,,,,,,,,,,,,,,,,,,,,,,,,,,,,
"254","0","腿上サポート装置　　　　　　　　　　　　","腿上サポート装置 ",,,"0","000901",,,"000000",,,,,,,,"00000000000",,,"1","277778","0","0",,,,"0","277778",,"5","8","0.125","0","0","34722",,"34722",,,,,,,,,"5",,,,,,,,,,,,,,,,,,,,,,,,"20150930","20150930","20150930","0","1",,"0",,,,,,"0","0",,,,,,,,,,,"0",,,,,,,"0",,,,"0",,"0","0","0","277778",,,,,,,"0",,,"0",,,"0",,,"0",,,,,,,,,,,,,"0",,,,,,,,,,,,,,,"0",,,,,,,,,,,,,,,,,,,,,,,,,,,,,,,,,,,,,,,,,,,,,,,,,,,,,
"255","0","引張バネ及人体サポート装置　　　　　　　","引張バネ及人体サポート装置 ",,,"0","000901",,,"000000",,,,,,,,"00000000000",,,"1","277778","0","0",,,,"0","277778",,"5","8","0.125","0","0","34722",,"34722",,,,,,,,,"5",,,,,,,,,,,,,,,,,,,,,,,,"20151130","20151130","20151130","0","1",,"0",,,,,,"0","0",,,,,,,,,,,"0",,,,,,,"0",,,,"0",,"0","0","0","277778",,,,,,,"0",,,"0",,,"0",,,"0",,,,,,,,,,,,,"0",,,,,,,,,,,,,,,"0",,,,,,,,,,,,,,,,,,,,,,,,,,,,,,,,,,,,,,,,,,,,,,,,,,,,,
"256","0","無動力腕保持装置−東京理科大　　　　　　","無動力腕保持装置−東京理科大 ",,,"0","000901",,,"000000",,,,,,,,"00000000000",,,"1","277778","0","0",,,,"0","277778",,"5","8","0.125","0","0","34722",,"34722",,,,,,,,,"5",,,,,,,,,,,,,,,,,,,,,,,,"20160430","20160430","20160430","0","1",,"0",,,,,,"0","0",,,,,,,,,,,"0",,,,,,,"0",,,,"0",,"0","0","0","277778",,,,,,,"0",,,"0",,,"0",,,"0",,,,,,,,,,,,,"0",,,,,,,,,,,,,,,"0",,,,,,,,,,,,,,,,,,,,,,,,,,,,,,,,,,,,,,,,,,,,,,,,,,,,,
"257","0","筋疲労評価装置−ｱｻﾋｻﾝｸﾘｰﾝ　　　　　　　","筋疲労評価装置−ｱｻﾋｻﾝｸﾘｰﾝ ",,,"0","000901",,,"000000",,,,,,,,"00000000000",,,"1","566667","0","0",,,,"0","566667",,"5","8","0.125","0","0","70833",,"70833",,,,,,,,,"5",,,,,,,,,,,,,,,,,,,,,,,,"20160430","20160430","20160430","0","1",,"0",,,,,,"0","0",,,,,,,,,,,"0",,,,,,,"0",,,,"0",,"0","0","0","566667",,,,,,,"0",,,"0",,,"0",,,"0",,,,,,,,,,,,,"0",,,,,,,,,,,,,,,"0",,,,,,,,,,,,,,,,,,,,,,,,,,,,,,,,,,,,,,,,,,,,,,,,,,,,,
"258","0","過伸展アシスト装置　　　　　　　　　　　","過伸展アシスト装置 ",,,"0","000901",,,"000000",,,,,,,,"00000000000",,,"1","277778","0","0",,,,"0","277778",,"5","8","0.125","0","0","34722",,"34722",,,,,,,,,"5",,,,,,,,,,,,,,,,,,,,,,,,"20161122","20161122","20161122","0","1",,"0",,,,,,"0","0",,,,,,,,,,,"0",,,,,,,"0",,,,"0",,"0","0","0","277778",,,,,,,"0",,,"0",,,"0",,,"0",,,,,,,,,,,,,"0",,,,,,,,,,,,,,,"0",,,,,,,,,,,,,,,,,,,,,,,,,,,,,,,,,,,,,,,,,,,,,,,,,,,,,
"259","0","着座式の腿上げサポート装置　　　　　　　","着座式の腿上げサポート装置 ",,,"0","000901",,,"000000",,,,,,,,"00000000000",,,"1","277778","0","0",,,,"0","277778",,"5","8","0.125","0","0","34722",,"34722",,,,,,,,,"5",,,,,,,,,,,,,,,,,,,,,,,,"20161122","20161122","20161122","0","1",,"0",,,,,,"0","0",,,,,,,,,,,"0",,,,,,,"0",,,,"0",,"0","0","0","277778",,,,,,,"0",,,"0",,,"0",,,"0",,,,,,,,,,,,,"0",,,,,,,,,,,,,,,"0",,,,,,,,,,,,,,,,,,,,,,,,,,,,,,,,,,,,,,,,,,,,,,,,,,,,,
"260","0","簡易腰部アシスト装置　　　　　　　　　　","簡易腰部アシスト装置 ",,,"0","000901",,,"000000",,,,,,,,"00000000000",,,"1","277778","0","0",,,,"0","277778",,"5","8","0.125","0","0","34722",,"34722",,,,,,,,,"5",,,,,,,,,,,,,,,,,,,,,,,,"20170111","20170111","20170111","0","1",,"0",,,,,,"0","0",,,,,,,,,,,"0",,,,,,,"0",,,,"0",,"0","0","0","277778",,,,,,,"0",,,"0",,,"0",,,"0",,,,,,,,,,,,,"0",,,,,,,,,,,,,,,"0",,,,,,,,,,,,,,,,,,,,,,,,,,,,,,,,,,,,,,,,,,,,,,,,,,,,,
"261","0","腰及び腕アシスト装置　　　　　　　　　　","腰及び腕アシスト装置 ",,,"0","000901",,,"000000",,,,,,,,"00000000000",,,"1","277778","0","0",,,,"0","277778",,"5","8","0.125","0","0","34722",,"34722",,,,,,,,,"5",,,,,,,,,,,,,,,,,,,,,,,,"20170407","20170407","20170407","0","1",,"0",,,,,,"0","0",,,,,,,,,,,"0",,,,,,,"0",,,,"0",,"0","0","0","277778",,,,,,,"0",,,"0",,,"0",,,"0",,,,,,,,,,,,,"0",,,,,,,,,,,,,,,"0",,,,,,,,,,,,,,,,,,,,,,,,,,,,,,,,,,,,,,,,,,,,,,,,,,,,,
"262","0","ﾏｯｽﾙｽｰﾂ　　　　　　　　　　　　　　　　","ﾏｯｽﾙｽｰﾂ ",,,"0","000902",,,"000000",,,,,,,,"00000000000",,,"1","600000","0","0",,,,"0","600000",,"5","10","0.1","0","0","60000",,"60000",,,,,,,,,"5",,,,,,,,,,,,,,,,,,,,,,,,"20140315","20140315","20140315","0","1",,"0",,,,,,"0","0",,,,,,,,,,,"0",,,,,,,"0",,,,"0",,"0","0","0","600000",,,,,,,"0",,,"0",,,"0",,,"0",,,,,,,,,,,,,"0",,,,,,,,,,,,,,,"0",,,,,,,,,,,,,,,,,,,,,,,,,,,,,,,,,,,,,,,,,,,,,,,,,,,,,
"263","0","営業管理システム　　　　　　　　　　　　","営業管理システム ",,,"0","000101",,,"000000",,,,,,,,"00000000000",,,"1","500000","0","0",,,,"0","500000",,"5","5","0.2","0","0","100000",,"100000",,,,,,,,,"5",,,,,,,,,,,,,,,,,,,,,,,,"20150930","20150930","20150930","0","1",,"0",,,,,,"0","0",,,,,,,,,,,"0",,,,,,,"0",,,,"0",,"0","0","0","500000",,,,,,,"0",,,"0",,,"0",,,"0",,,,,,,,,,,,,"0",,,,,,,,,,,,,,,"0",,,,,,,,,,,,,,,,,,,,,,,,,,,,,,,,,,,,,,,,,,,,,,,,,,,,,
"264","0","CADｿﾌﾄ SOLIDWORKS　　　　　　　　　　　","CADｿﾌﾄ SOLIDWORKS ",,,"0","000101",,,"000000",,,,,,,,"00000000000",,,"1","779500","0","0",,,,"0","779500",,"5","5","0.2","0","0","155900",,"155900",,,,,,,,,"5",,,,,,,,,,,,,,,,,,,,,,,,"20170505","20170505","20170505","0","1",,"0",,,,,,"0","0",,,,,,,,,,,"0",,,,,,,"0",,,,"0",,"0","0","0","779500",,,,,,,"0",,,"0",,,"0",,,"0",,,,,,,,,,,,,"0",,,,,,,,,,,,,,,"0",,,,,,,,,,,,,,,,,,,,,,,,,,,,,,,,,,,,,,,,,,,,,,,,,,,,,
"265","0","OTRS動画解析ソフト　　　　　　　　　　　","OTRS動画解析ソフト ",,,"0","000101",,,"000000",,,,,,,,"00000000000",,,"1","828000","0","0",,,,"0","828000",,"5","5","0.2","0","0","165600",,"165600",,,,,,,,,"5",,,,,,,,,,,,,,,,,,,,,,,,"20170710","20170710","20170710","0","1",,"0",,,,,,"0","0",,,,,,,,,,,"0",,,,,,,"0",,,,"0",,"0","0","0","828000",,,,,,,"0",,,"0",,,"0",,,"0",,,,,,,,,,,,,"0",,,,,,,,,,,,,,,"0",,,,,,,,,,,,,,,,,,,,,,,,,,,,,,,,,,,,,,,,,,,,,,,,,,,,,
"266","0","CADｿﾌﾄ2 SOLIDWORKS　　　　　　　　　　　","CADｿﾌﾄ2 SOLIDWORKS ",,,"0","000101",,,"000000",,,,,,,,"00000000000",,,"1","776800","0","0",,,,"0","776800",,"5","5","0.2","0","0","155360",,"155360",,,,,,,,,"5",,,,,,,,,,,,,,,,,,,,,,,,"20170809","20170809","20170809","0","1",,"0",,,,,,"0","0",,,,,,,,,,,"0",,,,,,,"0",,,,"0",,"0","0","0","776800",,,,,,,"0",,,"0",,,"0",,,"0",,,,,,,,,,,,,"0",,,,,,,,,,,,,,,"0",,,,,,,,,,,,,,,,,,,,,,,,,,,,,,,,,,,,,,,,,,,,,,,,,,,,,
"269","0","ﾏｯｽﾙｽｰﾂ試験装置1（税務）","ﾏｯｽﾙｽｰﾂ試験装置1（税務）",,,"0","000110",,,"000000",,,,,,,,"00000000000",,,"1","1833334","0","0",,,,"0","1833334",,"8","4","0.5","0","0","401041",,"401041",,,,,,,,,"8",,,,,,,,,,,,,,,,,,,,,,,,"20170228","20170228","20170228","0","1",,"0",,,,,,"0","0",,,,,,,,,,,"0",,,,,,,"0",,,,"0",,"0","0","0","1833334",,,,,,,"0",,,"0",,,"0",,,"0",,,,,,,,,,,,,"0",,,,,,,,,,,,,,,"0",,,,,,,"200521",,,,,,,,,,,,,,,,,,,,,,,,,,,,,,,,,,,,,,,,,,,,,,
"270","0","ﾏｯｽﾙｽｰﾂ試験装置2（税務）","ﾏｯｽﾙｽｰﾂ試験装置2（税務）",,,"0","000110",,,"000000",,,,,,,,"00000000000",,,"1","1833334","0","0",,,,"0","1833334",,"8","4","0.5","0","0","401041",,"401041",,,,,,,,,"8",,,,,,,,,,,,,,,,,,,,,,,,"20170228","20170228","20170228","0","1",,"0",,,,,,"0","0",,,,,,,,,,,"0",,,,,,,"0",,,,"0",,"0","0","0","1833334",,,,,,,"0",,,"0",,,"0",,,"0",,,,,,,,,,,,,"0",,,,,,,,,,,,,,,"0",,,,,,,"200521",,,,,,,,,,,,,,,,,,,,,,,,,,,,,,,,,,,,,,,,,,,,,,
"271","0","ﾏｯｽﾙｽｰﾂ試験装置3（税務）","ﾏｯｽﾙｽｰﾂ試験装置3（税務）",,,"0","000110",,,"000000",,,,,,,,"00000000000",,,"1","4760000","0","0",,,,"0","4760000",,"8","4","0.5","0","0","1041250",,"1041250",,,,,,,,,"8",,,,,,,,,,,,,,,,,,,,,,,,"20180228","20180228","20180228","0","1",,"0",,,,,,"0","0",,,,,,,,,,,"0",,,,,,,"0",,,,"0",,"0","0","0","4760000",,,,,,,"0",,,"0",,,"0",,,"0",,,,,,,,,,,,,"0",,,,,,,,,,,,,,,"0",,,,,,,"1041250",,,,,,,,,,,,,,,,,,,,,,,,,,,,,,,,,,,,,,,,,,,,,,
"272","0","ﾏｯｽﾙｽｰﾂ試験装置4（税務）","ﾏｯｽﾙｽｰﾂ試験装置4（税務）",,,"0","000110",,,"000000",,,,,,,,"00000000000",,,"1","4760000","0","0",,,,"0","4760000",,"8","4","0.5","0","0","1041250",,"1041250",,,,,,,,,"8",,,,,,,,,,,,,,,,,,,,,,,,"20180228","20180228","20180228","0","1",,"0",,,,,,"0","0",,,,,,,,,,,"0",,,,,,,"0",,,,"0",,"0","0","0","4760000",,,,,,,"0",,,"0",,,"0",,,"0",,,,,,,,,,,,,"0",,,,,,,,,,,,,,,"0",,,,,,,"1041250",,,,,,,,,,,,,,,,,,,,,,,,,,,,,,,,,,,,,,,,,,,,,,
"273","0","ﾏｯｽﾙｽｰﾂ試験装置　性能UP改造(税務)","ﾏｯｽﾙｽｰﾂ試験装置 性能UP改造(税",,,"0","000110",,,"000000",,,,,,,,"00000000000",,,"1","2480000","0","0",,,,"0","2480000",,"8","4","0.5","0","0","542500",,"542500",,,,,,,,,"8",,,,,,,,,,,,,,,,,,,,,,,,"20180228","20180228","20180228","0","1",,"0",,,,,,"0","0",,,,,,,,,,,"0",,,,,,,"0",,,,"0",,"0","0","0","2480000",,,,,,,"0",,,"0",,,"0",,,"0",,,,,,,,,,,,,"0",,,,,,,,,,,,,,,"0",,,,,,,"542500",,,,,,,,,,,,,,,,,,,,,,,,,,,,,,,,,,,,,,,,,,,,,,
"274","0","ｶﾊﾞｰ開発ﾃﾞｻﾞｲﾝ企画","ｶﾊﾞｰ開発ﾃﾞｻﾞｲﾝ企画",,,"0","000903",,,"000000",,,,,,,,"00000000000",,,"1","7955125","0","0",,,,"0","7955125",,"2","5",,"0","0","1591025",,"1591025",,,,,,,,,"2",,,,,,,,,,,,,,,,,,,,,,,,"20151231","20151231","20151231","0","1",,"0",,,,,,"0","0",,,,,,,,,,,"0",,,,,,,"0",,,,"0",,"0","0","0","7955125",,,,,,,"0",,,"0",,,"0",,,"0",,,,,,,,,,,,,"0",,,,,,,,,,,,,,,"0",,,,,,,,,,,,,,,,,,,,,,,,,,,,,,,,,,,,,,,,,,,,,,,,,,,,,
